idx,tau,phi_data,h_tau
0,0.0,0.6028238917084621,0.0
1,0.001001001001001001,0.597337055164298,0.0
2,0.002002002002002002,0.5918502186201341,0.0
3,0.003003003003003003,0.58636338207597,0.0
4,0.004004004004004004,0.5808765455318061,0.0
5,0.005005005005005005,0.5753897089876421,0.0
6,0.006006006006006006,0.5699028724434781,0.0
7,0.007007007007007007,0.5644160358993141,0.0
8,0.008008008008008008,0.5589291993551502,0.0
9,0.009009009009009009,0.5534423628109861,0.0
10,0.01001001001001001,0.5479555262668222,0.0
11,0.011011011011011011,0.5424686897226582,0.0
12,0.012012012012012012,0.5369818531784942,0.0
13,0.013013013013013013,0.5314950166343302,0.0
14,0.014014014014014014,0.5260081800901663,0.0
15,0.015015015015015015,0.5205213435460022,0.0
16,0.016016016016016016,0.5150345070018383,0.0
17,0.017017017017017015,0.5095476704576742,0.0
18,0.018018018018018018,0.5040608339135103,0.0
19,0.01901901901901902,0.49857399736934627,0.0
20,0.02002002002002002,0.4930871608251823,0.0
21,0.02102102102102102,0.4876003242810183,0.0
22,0.022022022022022022,0.4821134877368543,0.0
23,0.023023023023023025,0.4766266511926903,0.0
24,0.024024024024024024,0.47113981464852633,0.0
25,0.025025025025025023,0.46565297810436235,0.0
26,0.026026026026026026,0.46016614156019836,0.0
27,0.02702702702702703,0.4546793050160344,0.0
28,0.028028028028028028,0.4491924684718704,0.0
29,0.029029029029029027,0.4437056319277064,0.0
30,0.03003003003003003,0.4382187953835424,0.0
31,0.031031031031031032,0.43273195883937843,0.0
32,0.03203203203203203,0.4272451222952144,0.0
33,0.03303303303303303,0.42175828575105045,0.0
34,0.03403403403403403,0.41627144920688647,0.0
35,0.035035035035035036,0.4107846126627225,0.0
36,0.036036036036036036,0.40529777611855844,0.0
37,0.037037037037037035,0.3998109395743945,0.0
38,0.03803803803803804,0.39432410303023047,0.0
39,0.03903903903903904,0.3888372664860665,0.0
40,0.04004004004004004,0.3833504299419025,0.0
41,0.04104104104104104,0.37786359339773856,0.0
42,0.04204204204204204,0.3723767568535745,0.0
43,0.043043043043043044,0.3668899203094106,0.0
44,0.044044044044044044,0.36140308376524655,0.0
45,0.04504504504504504,0.35591624722108256,0.0
46,0.04604604604604605,0.3504294106769186,0.0
47,0.04704704704704705,0.3449425741327546,0.0
48,0.04804804804804805,0.3394557375885906,0.0
49,0.04904904904904905,0.33396890104442667,0.0
50,0.050050050050050046,0.3284820645002627,0.0
51,0.05105105105105105,0.32299522795609864,0.0
52,0.05205205205205205,0.31750839141193465,0.0
53,0.05305305305305305,0.31202155486777067,0.0
54,0.05405405405405406,0.3065347183236066,0.0
55,0.055055055055055056,0.3010478817794427,0.0
56,0.056056056056056056,0.2955610452352787,0.0
57,0.057057057057057055,0.2900742086911147,0.0
58,0.058058058058058054,0.28458737214695073,0.0
59,0.05905905905905906,0.2791005356027867,0.0
60,0.06006006006006006,0.27361369905862276,0.0
61,0.06106106106106106,0.2681268625144588,0.0
62,0.062062062062062065,0.26264002597029473,0.0
63,0.06306306306306306,0.2571531894261308,0.0
64,0.06406406406406406,0.25166635288196676,0.0
65,0.06506506506506507,0.24617951633780277,0.0
66,0.06606606606606606,0.24069267979363884,0.0
67,0.06706706706706707,0.2352058432494748,0.0
68,0.06806806806806806,0.22971900670531087,0.0
69,0.06906906906906907,0.22423217016114683,0.0
70,0.07007007007007007,0.21874533361698284,0.0
71,0.07107107107107107,0.2132584970728189,0.0
72,0.07207207207207207,0.20777166052865487,0.0
73,0.07307307307307308,0.20228482398449082,0.0
74,0.07407407407407407,0.1967979874403269,0.0
75,0.07507507507507508,0.1913111508961629,0.0
76,0.07607607607607608,0.18582431435199892,0.0
77,0.07707707707707707,0.18033747780783493,0.0
78,0.07807807807807808,0.1748506412636709,0.0
79,0.07907907907907907,0.16936380471950696,0.0
80,0.08008008008008008,0.16387696817534297,0.0
81,0.08108108108108109,0.158390131631179,0.0
82,0.08208208208208208,0.152903295087015,0.0
83,0.08308308308308308,0.14741645854285096,0.0
84,0.08408408408408408,0.14192962199868703,0.0
85,0.08508508508508508,0.13644278545452304,0.0
86,0.08608608608608609,0.13095594891035905,0.0
87,0.08708708708708708,0.12546911236619507,0.0
88,0.08808808808808809,0.11998227582203103,0.0
89,0.0890890890890891,0.11449543927786704,0.0
90,0.09009009009009009,0.10900860273370305,0.0
91,0.09109109109109109,0.10394931189427917,0.0
92,0.0920920920920921,0.10081397672618544,0.0
93,0.09309309309309309,0.09767864155809178,0.0
94,0.0940940940940941,0.09454330638999804,0.0
95,0.09509509509509509,0.09140797122190437,0.0
96,0.0960960960960961,0.08827263605381064,0.0
97,0.0970970970970971,0.0851373008857169,0.0
98,0.0980980980980981,0.08200196571762323,0.0
99,0.0990990990990991,0.0788666305495295,0.0
100,0.10010010010010009,0.07573129538143583,0.0
101,0.1011011011011011,0.07259596021334211,0.0
102,0.1021021021021021,0.06946062504524837,0.0
103,0.1031031031031031,0.0663252898771547,0.0
104,0.1041041041041041,0.06318995470906097,0.0
105,0.10510510510510511,0.06005461954096724,0.0
106,0.1061061061061061,0.05691928437287357,0.0
107,0.10710710710710711,0.053783949204779836,0.0
108,0.10810810810810811,0.05064861403668611,0.0
109,0.1091091091091091,0.04751327886859244,0.0
110,0.11011011011011011,0.044377943700498704,0.0
111,0.1111111111111111,0.04124260853240504,0.0
112,0.11211211211211211,0.0381072733643113,0.0
113,0.11311311311311312,0.03497193819621758,0.0
114,0.11411411411411411,0.0318366030281239,0.0
115,0.11511511511511512,0.028701267860030175,0.0
116,0.11611611611611611,0.025565932691936508,0.0
117,0.11711711711711711,0.02243059752384277,0.0
118,0.11811811811811812,0.019295262355749035,0.0
119,0.11911911911911911,0.016159927187655368,0.0
120,0.12012012012012012,0.013024592019561632,0.0
121,0.12112112112112113,0.009889256851467909,0.0
122,0.12212212212212212,0.006753921683374242,0.0
123,0.12312312312312312,0.003618586515280506,0.0
124,0.12412412412412413,0.00048325134718676943,0.0
125,0.12512512512512514,-0.002652083820906967,0.0
126,0.12612612612612611,-0.0057874189890005645,0.0
127,0.12712712712712712,-0.0089227541570943,0.0
128,0.12812812812812813,-0.012058089325188023,0.0
129,0.12912912912912913,-0.01519342449328176,0.0
130,0.13013013013013014,-0.018328759661375496,0.0
131,0.13113113113113112,-0.021464094829469094,0.0
132,0.13213213213213212,-0.024599429997562844,0.0
133,0.13313313313313313,-0.027734765165656566,0.0
134,0.13413413413413414,-0.03087010033375029,0.0
135,0.13513513513513514,-0.03400543550184404,0.0
136,0.13613613613613612,-0.03714077066993762,0.0
137,0.13713713713713713,-0.04027610583803137,0.0
138,0.13813813813813813,-0.043411441006125095,0.0
139,0.13913913913913914,-0.04654677617421882,0.0
140,0.14014014014014015,-0.04968211134231257,0.0
141,0.14114114114114115,-0.05281744651040629,0.0
142,0.14214214214214213,-0.0559527816784999,0.0
143,0.14314314314314314,-0.059088116846593625,0.0
144,0.14414414414414414,-0.062223452014687375,0.0
145,0.14514514514514515,-0.0653587871827811,0.0
146,0.14614614614614616,-0.06849412235087482,0.0
147,0.14714714714714713,-0.07162945751896843,0.0
148,0.14814814814814814,-0.07476479268706215,0.0
149,0.14914914914914915,-0.0779001278551559,0.0
150,0.15015015015015015,-0.08103546302324963,0.0
151,0.15115115115115116,-0.08417079819134335,0.0
152,0.15215215215215216,-0.08730613335943704,0.0
153,0.15315315315315314,-0.09044146852753071,0.0
154,0.15415415415415415,-0.09357680369562443,0.0
155,0.15515515515515516,-0.09671213886371816,0.0
156,0.15615615615615616,-0.0998474740318119,0.0
157,0.15715715715715717,-0.10298280919990557,0.0
158,0.15815815815815815,-0.10611814436799924,0.0
159,0.15915915915915915,-0.10925347953609296,0.0
160,0.16016016016016016,-0.11238881470418668,0.0
161,0.16116116116116116,-0.11552414987228043,0.0
162,0.16216216216216217,-0.1186594850403741,0.0
163,0.16316316316316315,-0.12179482020846777,0.0
164,0.16416416416416416,-0.12493015537656149,0.0
165,0.16516516516516516,-0.12806549054465524,0.0
166,0.16616616616616617,-0.13120082571274896,0.0
167,0.16716716716716717,-0.13433616088084263,0.0
168,0.16816816816816815,-0.1374714960489363,0.0
169,0.16916916916916916,-0.14060683121703002,0.0
170,0.17017017017017017,-0.14374216638512377,0.0
171,0.17117117117117117,-0.14687750155321752,0.0
172,0.17217217217217218,-0.1500128367213112,0.0
173,0.17317317317317318,-0.1531481718894049,0.0
174,0.17417417417417416,-0.15628350705749858,0.0
175,0.17517517517517517,-0.1594188422255923,0.0
176,0.17617617617617617,-0.16255417739368602,0.0
177,0.17717717717717718,-0.1656895125617797,0.0
178,0.1781781781781782,-0.1688248477298734,0.0
179,0.17917917917917917,-0.17196018289796708,0.0
180,0.18018018018018017,-0.17509551806606086,0.0
181,0.18118118118118118,-0.17823085323415458,0.0
182,0.18218218218218218,-0.17963790614845404,0.0
183,0.1831831831831832,-0.1780204651186137,0.0
184,0.1841841841841842,-0.17640302408877334,0.0
185,0.18518518518518517,-0.17478558305893305,0.0
186,0.18618618618618618,-0.1731681420290927,0.0
187,0.1871871871871872,-0.17155070099925235,0.0
188,0.1881881881881882,-0.169933259969412,0.0
189,0.1891891891891892,-0.16831581893957165,0.0
190,0.19019019019019018,-0.16669837790973135,0.0
191,0.19119119119119118,-0.165080936879891,0.0
192,0.1921921921921922,-0.16346349585005063,0.0
193,0.1931931931931932,-0.16184605482021028,0.0
194,0.1941941941941942,-0.16022861379036993,0.0
195,0.19519519519519518,-0.15861117276052963,0.0
196,0.1961961961961962,-0.15699373173068928,0.0
197,0.1971971971971972,-0.15537629070084893,0.0
198,0.1981981981981982,-0.15375884967100859,0.0
199,0.1991991991991992,-0.15214140864116824,0.0
200,0.20020020020020018,-0.15052396761132794,0.0
201,0.2012012012012012,-0.1489065265814876,0.0
202,0.2022022022022022,-0.14728908555164721,0.0
203,0.2032032032032032,-0.14567164452180686,0.0
204,0.2042042042042042,-0.14405420349196651,0.0
205,0.20520520520520522,-0.14243676246212617,0.0
206,0.2062062062062062,-0.14081932143228587,0.0
207,0.2072072072072072,-0.13920188040244552,0.0
208,0.2082082082082082,-0.13758443937260517,0.0
209,0.2092092092092092,-0.13596699834276482,0.0
210,0.21021021021021022,-0.13434955731292447,0.0
211,0.2112112112112112,-0.13273211628308418,0.0
212,0.2122122122122122,-0.13111467525324383,0.0
213,0.2132132132132132,-0.12949723422340348,0.0
214,0.21421421421421422,-0.12787979319356313,0.0
215,0.21521521521521522,-0.12626235216372275,0.0
216,0.21621621621621623,-0.1246449111338824,0.0
217,0.2172172172172172,-0.12302747010404211,0.0
218,0.2182182182182182,-0.12141002907420176,0.0
219,0.21921921921921922,-0.11979258804436141,0.0
220,0.22022022022022023,-0.11817514701452106,0.0
221,0.22122122122122123,-0.1165577059846807,0.0
222,0.2222222222222222,-0.11494026495484042,0.0
223,0.22322322322322322,-0.11332282392500005,0.0
224,0.22422422422422422,-0.1117053828951597,0.0
225,0.22522522522522523,-0.11008794186531935,0.0
226,0.22622622622622623,-0.10847050083547899,0.0
227,0.2272272272272272,-0.10685305980563871,0.0
228,0.22822822822822822,-0.10523561877579836,0.0
229,0.22922922922922923,-0.103618177745958,0.0
230,0.23023023023023023,-0.10200073671611765,0.0
231,0.23123123123123124,-0.1003832956862773,0.0
232,0.23223223223223222,-0.098765854656437,0.0
233,0.23323323323323322,-0.09714841362659665,0.0
234,0.23423423423423423,-0.09553097259675629,0.0
235,0.23523523523523523,-0.09391353156691594,0.0
236,0.23623623623623624,-0.09229609053707559,0.0
237,0.23723723723723725,-0.09067864950723524,0.0
238,0.23823823823823823,-0.08906120847739495,0.0
239,0.23923923923923923,-0.0874437674475546,0.0
240,0.24024024024024024,-0.08582632641771423,0.0
241,0.24124124124124124,-0.08420888538787388,0.0
242,0.24224224224224225,-0.08259144435803353,0.0
243,0.24324324324324323,-0.08097400332819324,0.0
244,0.24424424424424424,-0.07935656229835289,0.0
245,0.24524524524524524,-0.07773912126851253,0.0
246,0.24624624624624625,-0.07612168023867218,0.0
247,0.24724724724724725,-0.07450423920883183,0.0
248,0.24824824824824826,-0.07288679817899148,0.0
249,0.24924924924924924,-0.07126935714915118,0.0
250,0.2502502502502503,-0.06965191611931076,0.0
251,0.25125125125125125,-0.06803447508947047,0.0
252,0.25225225225225223,-0.06641703405963019,0.0
253,0.25325325325325326,-0.06479959302978977,0.0
254,0.25425425425425424,-0.06318215199994948,0.0
255,0.2552552552552553,-0.06156471097010906,0.0
256,0.25625625625625625,-0.05994726994026876,0.0
257,0.25725725725725723,-0.05832982891042848,0.0
258,0.25825825825825827,-0.056712387880588064,0.0
259,0.25925925925925924,-0.055094946850747784,0.0
260,0.2602602602602603,-0.05347750582090735,0.0
261,0.26126126126126126,-0.051860064791067056,0.0
262,0.26226226226226224,-0.05024262376122679,0.0
263,0.26326326326326327,-0.04862518273138636,0.0
264,0.26426426426426425,-0.04700774170154606,0.0
265,0.2652652652652653,-0.04539030067170566,0.0
266,0.26626626626626626,-0.043772859641865364,0.0
267,0.26726726726726724,-0.04215541861202507,0.0
268,0.2682682682682683,-0.040537977582184664,0.0
269,0.26926926926926925,-0.03892053655234437,0.0
270,0.2702702702702703,-0.03730309552250394,0.0
271,0.27127127127127126,-0.03568565449266364,0.0
272,0.27227227227227224,-0.03406821346282338,0.0
273,0.2732732732732733,-0.030367342213784655,0.0
274,0.27427427427427425,-0.02493027911541433,0.0
275,0.2752752752752753,-0.01949321601704357,0.0
276,0.27627627627627627,-0.014056152918673247,0.0
277,0.2772772772772773,-0.008619089820302486,0.0
278,0.2782782782782783,-0.003182026721932161,0.0
279,0.27927927927927926,0.0022550363764381604,0.0
280,0.2802802802802803,0.007692099474808922,0.0
281,0.28128128128128127,0.013129162573179247,0.0
282,0.2822822822822823,0.01856622567155001,0.0
283,0.2832832832832833,0.024003288769920333,0.0
284,0.28428428428428426,0.029440351868290658,0.0
285,0.2852852852852853,0.03487741496666142,0.0
286,0.2862862862862863,0.04031447806503175,0.0
287,0.2872872872872873,0.045751541163402513,0.0
288,0.2882882882882883,0.05118860426177283,0.0
289,0.28928928928928926,0.05662566736014315,0.0
290,0.2902902902902903,0.06206273045851391,0.0
291,0.2912912912912913,0.06749979355688424,0.0
292,0.2922922922922923,0.07293685665525501,0.0
293,0.2932932932932933,0.07837391975362532,0.0
294,0.29429429429429427,0.08381098285199565,0.0
295,0.2952952952952953,0.08924804595036642,0.0
296,0.2962962962962963,0.09468510904873675,0.0
297,0.2972972972972973,0.1001221721471075,0.0
298,0.2982982982982983,0.10555923524547783,0.0
299,0.29929929929929927,0.11099629834384817,0.0
300,0.3003003003003003,0.11643336144221891,0.0
301,0.3013013013013013,0.12187042454058925,0.0
302,0.3023023023023023,0.12730748763896,0.0
303,0.3033033033033033,0.13274455073733032,0.0
304,0.30430430430430433,0.13818161383570088,0.0
305,0.3053053053053053,0.1436186769340714,0.0
306,0.3063063063063063,0.14905574003244174,0.0
307,0.3073073073073073,0.15449280313081248,0.0
308,0.3083083083083083,0.15992986622918282,0.0
309,0.30930930930930933,0.16536692932755337,0.0
310,0.3103103103103103,0.1708039924259239,0.0
311,0.3113113113113113,0.17624105552429423,0.0
312,0.3123123123123123,0.181678118622665,0.0
313,0.3133133133133133,0.1871151817210353,0.0
314,0.31431431431431434,0.19255224481940586,0.0
315,0.3153153153153153,0.1979893079177764,0.0
316,0.3163163163163163,0.20342637101614672,0.0
317,0.3173173173173173,0.2088634341145175,0.0
318,0.3183183183183183,0.21430049721288782,0.0
319,0.31931931931931934,0.21973756031125838,0.0
320,0.3203203203203203,0.22517462340962888,0.0
321,0.3213213213213213,0.2306116865079992,0.0
322,0.32232232232232233,0.23604874960636998,0.0
323,0.3233233233233233,0.24148581270474032,0.0
324,0.32432432432432434,0.24692287580311087,0.0
325,0.3253253253253253,0.25235993890148134,0.0
326,0.3263263263263263,0.25779700199985167,0.0
327,0.32732732732732733,0.26323406509822245,0.0
328,0.3283283283283283,0.2686711281965928,0.0
329,0.32932932932932935,0.27410819129496333,0.0
330,0.3303303303303303,0.2795452543933339,0.0
331,0.3313313313313313,0.28498231749170416,0.0
332,0.33233233233233234,0.29041938059007494,0.0
333,0.3333333333333333,0.29585644368844527,0.0
334,0.33433433433433435,0.3012935067868158,0.0
335,0.3353353353353353,0.3067305698851864,0.0
336,0.3363363363363363,0.31216763298355665,0.0
337,0.33733733733733734,0.31760469608192743,0.0
338,0.3383383383383383,0.32304175918029776,0.0
339,0.33933933933933935,0.3284788222786683,0.0
340,0.34034034034034033,0.33391588537703887,0.0
341,0.34134134134134136,0.3393529484754094,0.0
342,0.34234234234234234,0.3447900115737799,0.0
343,0.3433433433433433,0.35022707467215025,0.0
344,0.34434434434434436,0.3556641377705208,0.0
345,0.34534534534534533,0.36110120086889136,0.0
346,0.34634634634634637,0.3665382639672619,0.0
347,0.34734734734734735,0.3719753270656324,0.0
348,0.3483483483483483,0.37741239016400274,0.0
349,0.34934934934934936,0.3828494532623733,0.0
350,0.35035035035035034,0.38828651636074385,0.0
351,0.35135135135135137,0.3937235794591144,0.0
352,0.35235235235235235,0.39916064255748496,0.0
353,0.3533533533533533,0.40459770565585523,0.0
354,0.35435435435435436,0.4100347687542258,0.0
355,0.35535535535535534,0.41547183185259634,0.0
356,0.3563563563563564,0.4209088949509669,0.0
357,0.35735735735735735,0.42634595804933745,0.0
358,0.35835835835835833,0.4317830211477077,0.0
359,0.35935935935935936,0.4372200842460783,0.0
360,0.36036036036036034,0.44265714734444883,0.0
361,0.3613613613613614,0.4480942104428194,0.0
362,0.36236236236236236,0.45353127354118994,0.0
363,0.36336336336336333,0.45896833663956027,0.0
364,0.36436436436436437,0.4473397704179971,0.0
365,0.36536536536536535,0.4293115932014589,0.0
366,0.3663663663663664,0.4112834159849192,0.0
367,0.36736736736736736,0.393255238768381,0.0
368,0.3683683683683684,0.37522706155184127,0.0
369,0.36936936936936937,0.35719888433530306,0.0
370,0.37037037037037035,0.33917070711876485,0.0
371,0.3713713713713714,0.32114252990222514,0.0
372,0.37237237237237236,0.30311435268568687,0.0
373,0.3733733733733734,0.2850861754691472,0.0
374,0.3743743743743744,0.267057998252609,0.0
375,0.37537537537537535,0.24902982103607077,0.0
376,0.3763763763763764,0.2310016438195311,0.0
377,0.37737737737737737,0.21297346660299285,0.0
378,0.3783783783783784,0.19494528938645317,0.0
379,0.3793793793793794,0.1769171121699149,0.0
380,0.38038038038038036,0.1588889349533767,0.0
381,0.3813813813813814,0.14086075773683698,0.0
382,0.38238238238238237,0.12283258052029877,0.0
383,0.3833833833833834,0.10480440330375912,0.0
384,0.3843843843843844,0.08677622608722085,0.0
385,0.38538538538538536,0.06874804887068264,0.0
386,0.3863863863863864,0.050719871654142934,0.0
387,0.38738738738738737,0.032691694437604724,0.0
388,0.3883883883883884,0.014663517221065014,0.0
389,0.3893893893893894,-0.003364659995473196,0.0
390,0.39039039039039036,-0.021392837212011406,0.0
391,0.3913913913913914,-0.039421014428551115,0.0
392,0.3923923923923924,-0.057449191645089326,0.0
393,0.3933933933933934,-0.07547736886162904,0.0
394,0.3943943943943944,-0.0935055460781673,0.0
395,0.39539539539539537,-0.11153372329470546,0.0
396,0.3963963963963964,-0.12956190051124516,0.0
397,0.3973973973973974,-0.14759007772778343,0.0
398,0.3983983983983984,-0.16561825494432314,0.0
399,0.3993993993993994,-0.1836464321608613,0.0
400,0.40040040040040037,-0.20167460937739956,0.0
401,0.4014014014014014,-0.21970278659393927,0.0
402,0.4024024024024024,-0.23773096381047742,0.0
403,0.4034034034034034,-0.25575914102701713,0.0
404,0.4044044044044044,-0.2737873182435554,0.0
405,0.40540540540540543,-0.2918154954600951,0.0
406,0.4064064064064064,-0.30984367267663326,0.0
407,0.4074074074074074,-0.32787184989317153,0.0
408,0.4084084084084084,-0.34590002710971124,0.0
409,0.4094094094094094,-0.3639282043262495,0.0
410,0.41041041041041043,-0.3819563815427891,0.0
411,0.4114114114114114,-0.39998455875932737,0.0
412,0.4124124124124124,-0.41801273597586563,0.0
413,0.4134134134134134,-0.43604091319240534,0.0
414,0.4144144144144144,-0.4540690904089435,0.0
415,0.41541541541541543,-0.4720972676254832,0.0
416,0.4164164164164164,-0.4901254448420215,0.0
417,0.4174174174174174,-0.5081536220585596,0.0
418,0.4184184184184184,-0.5261817992750993,0.0
419,0.4194194194194194,-0.5442099764916375,0.0
420,0.42042042042042044,-0.5622381537081773,0.0
421,0.4214214214214214,-0.5802663309247156,0.0
422,0.4224224224224224,-0.5982945081412538,0.0
423,0.42342342342342343,-0.6163226853577934,0.0
424,0.4244244244244244,-0.6343508625743317,0.0
425,0.42542542542542544,-0.6523790397908713,0.0
426,0.4264264264264264,-0.6704072170074096,0.0
427,0.4274274274274274,-0.6884353942239478,0.0
428,0.42842842842842843,-0.7064635714404874,0.0
429,0.4294294294294294,-0.7244917486570257,0.0
430,0.43043043043043044,-0.7425199258735653,0.0
431,0.4314314314314314,-0.7605481030901036,0.0
432,0.43243243243243246,-0.7785762803066434,0.0
433,0.43343343343343343,-0.7966044575231817,0.0
434,0.4344344344344344,-0.8146326347397197,0.0
435,0.43543543543543545,-0.8326608119562595,0.0
436,0.4364364364364364,-0.8506889891727978,0.0
437,0.43743743743743746,-0.8687171663893374,0.0
438,0.43843843843843844,-0.8867453436058756,0.0
439,0.4394394394394394,-0.9047735208224139,0.0
440,0.44044044044044045,-0.9228016980389535,0.0
441,0.44144144144144143,-0.9408298752554918,0.0
442,0.44244244244244246,-0.9588580524720314,0.0
443,0.44344344344344344,-0.9768862296885696,0.0
444,0.4444444444444444,-0.9949144069051079,0.0
445,0.44544544544544545,-1.0129425841216475,0.0
446,0.44644644644644643,-1.0309707613381858,0.0
447,0.44744744744744747,-1.0489989385547256,0.0
448,0.44844844844844844,-1.0670271157712639,0.0
449,0.4494494494494494,-1.085055292987802,0.0
450,0.45045045045045046,-1.1030834702043417,0.0
451,0.45145145145145144,-1.12111164742088,0.0
452,0.45245245245245247,-1.1391398246374196,0.0
453,0.45345345345345345,-1.1571680018539579,0.0
454,0.4544544544544544,-1.1751961790704961,0.0
455,0.45545545545545546,-1.1647213093043656,0.0
456,0.45645645645645644,-1.151396134839968,0.0
457,0.4574574574574575,-1.138070960375569,0.0
458,0.45845845845845845,-1.1247457859111711,0.0
459,0.45945945945945943,-1.1114206114467733,0.0
460,0.46046046046046046,-1.0980954369823743,0.0
461,0.46146146146146144,-1.0847702625179765,0.0
462,0.4624624624624625,-1.0714450880535777,0.0
463,0.46346346346346345,-1.05811991358918,0.0
464,0.46446446446446443,-1.044794739124782,0.0
465,0.46546546546546547,-1.031469564660383,0.0
466,0.46646646646646645,-1.0181443901959852,0.0
467,0.4674674674674675,-1.0048192157315865,0.0
468,0.46846846846846846,-0.9914940412671887,0.0
469,0.4694694694694695,-0.9781688668027897,0.0
470,0.47047047047047047,-0.9648436923383918,0.0
471,0.47147147147147145,-0.951518517873994,0.0
472,0.4724724724724725,-0.9381933434095951,0.0
473,0.47347347347347346,-0.9248681689451974,0.0
474,0.4744744744744745,-0.9115429944807985,0.0
475,0.4754754754754755,-0.8982178200164006,0.0
476,0.47647647647647645,-0.8848926455520028,0.0
477,0.4774774774774775,-0.8715674710876039,0.0
478,0.47847847847847846,-0.8582422966232061,0.0
479,0.4794794794794795,-0.8449171221588072,0.0
480,0.4804804804804805,-0.8315919476944094,0.0
481,0.48148148148148145,-0.8182667732300115,0.0
482,0.4824824824824825,-0.8049415987656126,0.0
483,0.48348348348348347,-0.7916164243012148,0.0
484,0.4844844844844845,-0.778291249836816,0.0
485,0.4854854854854855,-0.7649660753724181,0.0
486,0.48648648648648646,-0.7516409009080203,0.0
487,0.4874874874874875,-0.7383157264436213,0.0
488,0.48848848848848847,-0.7249905519792235,0.0
489,0.4894894894894895,-0.7116653775148247,0.0
490,0.4904904904904905,-0.6983402030504269,0.0
491,0.49149149149149146,-0.685015028586029,0.0
492,0.4924924924924925,-0.6716898541216301,0.0
493,0.4934934934934935,-0.6583646796572323,0.0
494,0.4944944944944945,-0.6450395051928334,0.0
495,0.4954954954954955,-0.6317143307284355,0.0
496,0.4964964964964965,-0.6183891562640367,0.0
497,0.4974974974974975,-0.6050639817996388,0.0
498,0.4984984984984985,-0.591738807335241,0.0
499,0.4994994994994995,-0.5784136328708421,0.0
500,0.5005005005005005,-0.5650884584064432,0.0
501,0.5015015015015015,-0.5517632839420454,0.0
502,0.5025025025025025,-0.5384381094776476,0.0
503,0.5035035035035035,-0.5251129350132497,0.0
504,0.5045045045045045,-0.5117877605488519,0.0
505,0.5055055055055055,-0.49846258608445193,0.0
506,0.5065065065065065,-0.4851374116200541,0.0
507,0.5075075075075075,-0.47181223715565634,0.0
508,0.5085085085085085,-0.4584870626912585,0.0
509,0.5095095095095095,-0.44516188822686065,0.0
510,0.5105105105105106,-0.4318367137624607,0.0
511,0.5115115115115115,-0.41851153929806284,0.0
512,0.5125125125125125,-0.4051863648336651,0.0
513,0.5135135135135135,-0.39186119036926725,0.0
514,0.5145145145145145,-0.3785360159048694,0.0
515,0.5155155155155156,-0.36521084144046945,0.0
516,0.5165165165165165,-0.3518856669760716,0.0
517,0.5175175175175175,-0.33856049251167375,0.0
518,0.5185185185185185,-0.325235318047276,0.0
519,0.5195195195195195,-0.31191014358287816,0.0
520,0.5205205205205206,-0.2985849691184782,0.0
521,0.5215215215215215,-0.28525979465408036,0.0
522,0.5225225225225225,-0.2719346201896825,0.0
523,0.5235235235235235,-0.25860944572528466,0.0
524,0.5245245245245245,-0.24528427126088692,0.0
525,0.5255255255255256,-0.23195909679648685,0.0
526,0.5265265265265265,-0.21863392233208911,0.0
527,0.5275275275275275,-0.20530874786769127,0.0
528,0.5285285285285285,-0.19198357340329342,0.0
529,0.5295295295295295,-0.17865839893889557,0.0
530,0.5305305305305306,-0.1653332244744956,0.0
531,0.5315315315315315,-0.15200805001009776,0.0
532,0.5325325325325325,-0.1386828755456999,0.0
533,0.5335335335335335,-0.12535770108130206,0.0
534,0.5345345345345345,-0.11203252661690444,0.0
535,0.5355355355355356,-0.09870735215250437,0.0
536,0.5365365365365365,-0.08538217768810652,0.0
537,0.5375375375375375,-0.07205700322370867,0.0
538,0.5385385385385385,-0.05873182875931082,0.0
539,0.5395395395395395,-0.045406654294913196,0.0
540,0.5405405405405406,-0.03208147983051313,0.0
541,0.5415415415415415,-0.018756305366115278,0.0
542,0.5425425425425425,-0.005431130901717429,0.0
543,0.5435435435435435,0.00789404356268042,0.0
544,0.5445445445445445,0.021219218027078268,0.0
545,0.5455455455455456,0.032242771447626356,0.0
546,0.5465465465465466,0.020250114429668314,0.0
547,0.5475475475475475,0.008257457411710273,0.0
548,0.5485485485485485,-0.003735199606247769,0.0
549,0.5495495495495496,-0.015727856624207746,0.0
550,0.5505505505505506,-0.02772051364216578,0.0
551,0.5515515515515516,-0.03971317066012383,0.0
552,0.5525525525525525,-0.05170582767808187,0.0
553,0.5535535535535535,-0.06369848469603989,0.0
554,0.5545545545545546,-0.07569114171399988,0.0
555,0.5555555555555556,-0.08768379873195792,0.0
556,0.5565565565565566,-0.09967645574991596,0.0
557,0.5575575575575575,-0.111669112767874,0.0
558,0.5585585585585585,-0.12366176978583204,0.0
559,0.5595595595595596,-0.13565442680379203,0.0
560,0.5605605605605606,-0.14764708382175007,0.0
561,0.5615615615615616,-0.1596397408397081,0.0
562,0.5625625625625625,-0.17163239785766615,0.0
563,0.5635635635635635,-0.1836250548756242,0.0
564,0.5645645645645646,-0.19561771189358415,0.0
565,0.5655655655655656,-0.2076103689115422,0.0
566,0.5665665665665666,-0.21960302592950023,0.0
567,0.5675675675675675,-0.23159568294745828,0.0
568,0.5685685685685685,-0.24358833996541632,0.0
569,0.5695695695695696,-0.2555809969833763,0.0
570,0.5705705705705706,-0.2675736540013343,0.0
571,0.5715715715715716,-0.27956631101929236,0.0
572,0.5725725725725725,-0.2915589680372504,0.0
573,0.5735735735735735,-0.30355162505520844,0.0
574,0.5745745745745746,-0.3155442820731684,0.0
575,0.5755755755755756,-0.32753693909112647,0.0
576,0.5765765765765766,-0.3395295961090845,0.0
577,0.5775775775775776,-0.35152225312704255,0.0
578,0.5785785785785785,-0.3635149101450006,0.0
579,0.5795795795795796,-0.3755075671629605,0.0
580,0.5805805805805806,-0.38750022418091856,0.0
581,0.5815815815815816,-0.3994928811988766,0.0
582,0.5825825825825826,-0.41148553821683465,0.0
583,0.5835835835835835,-0.4234781952347927,0.0
584,0.5845845845845846,-0.43547085225275267,0.0
585,0.5855855855855856,-0.4474635092707107,0.0
586,0.5865865865865866,-0.45945616628866875,0.0
587,0.5875875875875876,-0.4714488233066268,0.0
588,0.5885885885885885,-0.48344148032458484,0.0
589,0.5895895895895896,-0.49543413734254477,0.0
590,0.5905905905905906,-0.5074267943605029,0.0
591,0.5915915915915916,-0.5194194513784609,0.0
592,0.5925925925925926,-0.531412108396419,0.0
593,0.5935935935935935,-0.543404765414377,0.0
594,0.5945945945945946,-0.555397422432337,0.0
595,0.5955955955955956,-0.5673900794502951,0.0
596,0.5965965965965966,-0.5793827364682531,0.0
597,0.5975975975975976,-0.5913753934862112,0.0
598,0.5985985985985985,-0.6033680505041692,0.0
599,0.5995995995995996,-0.6153607075221291,0.0
600,0.6006006006006006,-0.6273533645400872,0.0
601,0.6016016016016016,-0.6393460215580452,0.0
602,0.6026026026026026,-0.6513386785760032,0.0
603,0.6036036036036035,-0.6633313355939613,0.0
604,0.6046046046046046,-0.6753239926119213,0.0
605,0.6056056056056056,-0.6873166496298794,0.0
606,0.6066066066066066,-0.6993093066478374,0.0
607,0.6076076076076076,-0.7113019636657955,0.0
608,0.6086086086086087,-0.7232946206837544,0.0
609,0.6096096096096096,-0.7352872777017134,0.0
610,0.6106106106106106,-0.7472799347196715,0.0
611,0.6116116116116116,-0.7592725917376295,0.0
612,0.6126126126126126,-0.7712652487555876,0.0
613,0.6136136136136137,-0.7832579057735466,0.0
614,0.6146146146146146,-0.7952505627915055,0.0
615,0.6156156156156156,-0.8072432198094636,0.0
616,0.6166166166166166,-0.8192358768274216,0.0
617,0.6176176176176176,-0.8312285338453796,0.0
618,0.6186186186186187,-0.8432211908633387,0.0
619,0.6196196196196196,-0.8552138478812977,0.0
620,0.6206206206206206,-0.8672065048992558,0.0
621,0.6216216216216216,-0.8791991619172138,0.0
622,0.6226226226226226,-0.8911918189351719,0.0
623,0.6236236236236237,-0.9031844759531308,0.0
624,0.6246246246246246,-0.9151771329710898,0.0
625,0.6256256256256256,-0.9271697899890479,0.0
626,0.6266266266266266,-0.9391624470070059,0.0
627,0.6276276276276276,-0.951155104024964,0.0
628,0.6286286286286287,-0.963147761042923,0.0
629,0.6296296296296297,-0.975140418060882,0.0
630,0.6306306306306306,-0.9871330750788401,0.0
631,0.6316316316316316,-0.9991257320967981,0.0
632,0.6326326326326326,-1.0111183891147562,0.0
633,0.6336336336336337,-1.023111046132715,0.0
634,0.6346346346346347,-1.035103703150674,0.0
635,0.6356356356356356,-1.047096360168632,0.0
636,0.6366366366366366,-1.0548883806375193,0.0
637,0.6376376376376376,-1.0514787036422177,0.0
638,0.6386386386386387,-1.0480690266469155,0.0
639,0.6396396396396397,-1.0446593496516134,0.0
640,0.6406406406406406,-1.0412496726563116,0.0
641,0.6416416416416416,-1.0378399956610098,0.0
642,0.6426426426426426,-1.034430318665708,0.0
643,0.6436436436436437,-1.031020641670406,0.0
644,0.6446446446446447,-1.027610964675104,0.0
645,0.6456456456456456,-1.0242012876798021,0.0
646,0.6466466466466466,-1.0207916106845003,0.0
647,0.6476476476476476,-1.0173819336891985,0.0
648,0.6486486486486487,-1.0139722566938965,0.0
649,0.6496496496496497,-1.0105625796985944,0.0
650,0.6506506506506506,-1.0071529027032926,0.0
651,0.6516516516516516,-1.0037432257079908,0.0
652,0.6526526526526526,-1.000333548712689,0.0
653,0.6536536536536537,-0.996923871717387,0.0
654,0.6546546546546547,-0.9935141947220849,0.0
655,0.6556556556556556,-0.9901045177267831,0.0
656,0.6566566566566566,-0.9866948407314813,0.0
657,0.6576576576576576,-0.9832851637361795,0.0
658,0.6586586586586587,-0.9798754867408774,0.0
659,0.6596596596596597,-0.9764658097455754,0.0
660,0.6606606606606606,-0.9730561327502736,0.0
661,0.6616616616616616,-0.9696464557549718,0.0
662,0.6626626626626626,-0.96623677875967,0.0
663,0.6636636636636637,-0.9628271017643679,0.0
664,0.6646646646646647,-0.9594174247690659,0.0
665,0.6656656656656657,-0.9560077477737641,0.0
666,0.6666666666666666,-0.9525980707784623,0.0
667,0.6676676676676676,-0.9491883937831604,0.0
668,0.6686686686686687,-0.9457787167878584,0.0
669,0.6696696696696697,-0.9423690397925563,0.0
670,0.6706706706706707,-0.9389593627972546,0.0
671,0.6716716716716716,-0.9355496858019527,0.0
672,0.6726726726726726,-0.9321400088066509,0.0
673,0.6736736736736737,-0.9287303318113489,0.0
674,0.6746746746746747,-0.9253206548160468,0.0
675,0.6756756756756757,-0.9219109778207449,0.0
676,0.6766766766766766,-0.9185013008254432,0.0
677,0.6776776776776777,-0.9150916238301411,0.0
678,0.6786786786786787,-0.9116819468348393,0.0
679,0.6796796796796797,-0.9082722698395372,0.0
680,0.6806806806806807,-0.9048625928442354,0.0
681,0.6816816816816816,-0.9014529158489336,0.0
682,0.6826826826826827,-0.8980432388536316,0.0
683,0.6836836836836837,-0.8946335618583298,0.0
684,0.6846846846846847,-0.8912238848630277,0.0
685,0.6856856856856857,-0.8878142078677259,0.0
686,0.6866866866866866,-0.8844045308724241,0.0
687,0.6876876876876877,-0.8809948538771221,0.0
688,0.6886886886886887,-0.8775851768818203,0.0
689,0.6896896896896897,-0.8741754998865181,0.0
690,0.6906906906906907,-0.8707658228912164,0.0
691,0.6916916916916916,-0.8673561458959146,0.0
692,0.6926926926926927,-0.8639464689006124,0.0
693,0.6936936936936937,-0.8605367919053107,0.0
694,0.6946946946946947,-0.8571271149100086,0.0
695,0.6956956956956957,-0.8537174379147068,0.0
696,0.6966966966966966,-0.8503077609194051,0.0
697,0.6976976976976977,-0.8468980839241029,0.0
698,0.6986986986986987,-0.8434884069288011,0.0
699,0.6996996996996997,-0.8400787299334991,0.0
700,0.7007007007007007,-0.8366690529381973,0.0
701,0.7017017017017017,-0.8332593759428955,0.0
702,0.7027027027027027,-0.8298496989475934,0.0
703,0.7037037037037037,-0.8264400219522916,0.0
704,0.7047047047047047,-0.8230303449569896,0.0
705,0.7057057057057057,-0.8196206679616878,0.0
706,0.7067067067067067,-0.8162109909663859,0.0
707,0.7077077077077077,-0.8128013139710839,0.0
708,0.7087087087087087,-0.8093916369757821,0.0
709,0.7097097097097097,-0.8059819599804801,0.0
710,0.7107107107107107,-0.8025722829851782,0.0
711,0.7117117117117117,-0.7991626059898764,0.0
712,0.7127127127127127,-0.7957529289945744,0.0
713,0.7137137137137137,-0.7923432519992726,0.0
714,0.7147147147147147,-0.7889335750039705,0.0
715,0.7157157157157157,-0.7855238980086687,0.0
716,0.7167167167167167,-0.7821142210133669,0.0
717,0.7177177177177178,-0.7787045440180649,0.0
718,0.7187187187187187,-0.7752948670227631,0.0
719,0.7197197197197197,-0.771885190027461,0.0
720,0.7207207207207207,-0.7684755130321592,0.0
721,0.7217217217217217,-0.7650658360368574,0.0
722,0.7227227227227228,-0.7616561590415554,0.0
723,0.7237237237237237,-0.7582464820462536,0.0
724,0.7247247247247247,-0.7548368050509514,0.0
725,0.7257257257257257,-0.7514271280556497,0.0
726,0.7267267267267267,-0.7480174510603479,0.0
727,0.7277277277277278,-0.7479568820855095,0.0
728,0.7287287287287287,-0.7519152427352277,0.0
729,0.7297297297297297,-0.7558736033849458,0.0
730,0.7307307307307307,-0.759831964034664,0.0
731,0.7317317317317317,-0.7637903246843822,0.0
732,0.7327327327327328,-0.767748685334101,0.0
733,0.7337337337337337,-0.7717070459838192,0.0
734,0.7347347347347347,-0.7756654066335373,0.0
735,0.7357357357357357,-0.7796237672832556,0.0
736,0.7367367367367368,-0.7835821279329743,0.0
737,0.7377377377377378,-0.7875404885826925,0.0
738,0.7387387387387387,-0.7914988492324108,0.0
739,0.7397397397397397,-0.7954572098821289,0.0
740,0.7407407407407407,-0.7994155705318471,0.0
741,0.7417417417417418,-0.8033739311815659,0.0
742,0.7427427427427428,-0.8073322918312841,0.0
743,0.7437437437437437,-0.8112906524810022,0.0
744,0.7447447447447447,-0.8152490131307204,0.0
745,0.7457457457457457,-0.8192073737804386,0.0
746,0.7467467467467468,-0.8231657344301574,0.0
747,0.7477477477477478,-0.8271240950798756,0.0
748,0.7487487487487487,-0.8310824557295937,0.0
749,0.7497497497497497,-0.8350408163793119,0.0
750,0.7507507507507507,-0.8389991770290302,0.0
751,0.7517517517517518,-0.8429575376787489,0.0
752,0.7527527527527528,-0.8469158983284671,0.0
753,0.7537537537537538,-0.8508742589781852,0.0
754,0.7547547547547547,-0.8548326196279035,0.0
755,0.7557557557557557,-0.8587909802776217,0.0
756,0.7567567567567568,-0.8627493409273405,0.0
757,0.7577577577577578,-0.8667077015770586,0.0
758,0.7587587587587588,-0.8706660622267768,0.0
759,0.7597597597597597,-0.874624422876495,0.0
760,0.7607607607607607,-0.8785827835262131,0.0
761,0.7617617617617618,-0.882541144175932,0.0
762,0.7627627627627628,-0.8864995048256501,0.0
763,0.7637637637637638,-0.8904578654753683,0.0
764,0.7647647647647647,-0.8944162261250865,0.0
765,0.7657657657657657,-0.8983745867748046,0.0
766,0.7667667667667668,-0.9023329474245235,0.0
767,0.7677677677677678,-0.9062913080742416,0.0
768,0.7687687687687688,-0.9102496687239598,0.0
769,0.7697697697697697,-0.9142080293736781,0.0
770,0.7707707707707707,-0.9181663900233962,0.0
771,0.7717717717717718,-0.922124750673115,0.0
772,0.7727727727727728,-0.9260831113228332,0.0
773,0.7737737737737738,-0.9300414719725514,0.0
774,0.7747747747747747,-0.9339998326222696,0.0
775,0.7757757757757757,-0.9379581932719877,0.0
776,0.7767767767767768,-0.9419165539217065,0.0
777,0.7777777777777778,-0.9458749145714247,0.0
778,0.7787787787787788,-0.9498332752211429,0.0
779,0.7797797797797797,-0.953791635870861,0.0
780,0.7807807807807807,-0.9577499965205792,0.0
781,0.7817817817817818,-0.961708357170298,0.0
782,0.7827827827827828,-0.9656667178200162,0.0
783,0.7837837837837838,-0.9696250784697344,0.0
784,0.7847847847847848,-0.9735834391194526,0.0
785,0.7857857857857857,-0.9775417997691708,0.0
786,0.7867867867867868,-0.9815001604188895,0.0
787,0.7877877877877878,-0.9854585210686078,0.0
788,0.7887887887887888,-0.989416881718326,0.0
789,0.7897897897897898,-0.9933752423680441,0.0
790,0.7907907907907907,-0.9973336030177622,0.0
791,0.7917917917917918,-1.001291963667481,0.0
792,0.7927927927927928,-1.0052503243171993,0.0
793,0.7937937937937938,-1.0092086849669175,0.0
794,0.7947947947947948,-1.0131670456166355,0.0
795,0.7957957957957957,-1.0171254062663537,0.0
796,0.7967967967967968,-1.0210837669160726,0.0
797,0.7977977977977978,-1.0250421275657908,0.0
798,0.7987987987987988,-1.0290004882155088,0.0
799,0.7997997997997998,-1.0329588488652273,0.0
800,0.8008008008008007,-1.0369172095149453,0.0
801,0.8018018018018018,-1.0408755701646641,0.0
802,0.8028028028028028,-1.0448339308143824,0.0
803,0.8038038038038038,-1.0487922914641006,0.0
804,0.8048048048048048,-1.0527506521138186,0.0
805,0.8058058058058059,-1.0567090127635375,0.0
806,0.8068068068068068,-1.0606673734132557,0.0
807,0.8078078078078078,-1.064625734062974,0.0
808,0.8088088088088088,-1.068584094712692,0.0
809,0.8098098098098098,-1.07254245536241,0.0
810,0.8108108108108109,-1.076500816012129,0.0
811,0.8118118118118118,-1.0804591766618472,0.0
812,0.8128128128128128,-1.0844175373115652,0.0
813,0.8138138138138138,-1.0883758979612836,0.0
814,0.8148148148148148,-1.0923342586110016,0.0
815,0.8158158158158159,-1.0962926192607205,0.0
816,0.8168168168168168,-1.1002509799104387,0.0
817,0.8178178178178178,-1.104209340560157,0.0
818,0.8188188188188188,-1.0894169610636848,0.0
819,0.8198198198198198,-1.063909872912245,0.0
820,0.8208208208208209,-1.0384027847608008,0.0
821,0.8218218218218218,-1.012895696609361,0.0
822,0.8228228228228228,-0.9873886084579211,0.0
823,0.8238238238238238,-0.9618815203064812,0.0
824,0.8248248248248248,-0.9363744321550412,0.0
825,0.8258258258258259,-0.9108673440035973,0.0
826,0.8268268268268268,-0.8853602558521573,0.0
827,0.8278278278278278,-0.8598531677007174,0.0
828,0.8288288288288288,-0.8343460795492774,0.0
829,0.8298298298298298,-0.8088389913978375,0.0
830,0.8308308308308309,-0.7833319032463936,0.0
831,0.8318318318318318,-0.7578248150949536,0.0
832,0.8328328328328328,-0.7323177269435137,0.0
833,0.8338338338338338,-0.7068106387920738,0.0
834,0.8348348348348348,-0.681303550640634,0.0
835,0.8358358358358359,-0.6557964624891899,0.0
836,0.8368368368368369,-0.63028937433775,0.0
837,0.8378378378378378,-0.60478228618631,0.0
838,0.8388388388388388,-0.5792751980348702,0.0
839,0.8398398398398398,-0.5537681098834303,0.0
840,0.8408408408408409,-0.5282610217319862,0.0
841,0.8418418418418419,-0.5027539335805463,0.0
842,0.8428428428428428,-0.47724684542910645,0.0
843,0.8438438438438438,-0.45173975727766646,0.0
844,0.8448448448448448,-0.4262326691262266,0.0
845,0.8458458458458459,-0.4007255809747825,0.0
846,0.8468468468468469,-0.37521849282334263,0.0
847,0.8478478478478478,-0.34971140467190276,0.0
848,0.8488488488488488,-0.3242043165204628,0.0
849,0.8498498498498498,-0.2986972283690229,0.0
850,0.8508508508508509,-0.2731901402175789,0.0
851,0.8518518518518519,-0.24768305206613894,0.0
852,0.8528528528528528,-0.22217596391469907,0.0
853,0.8538538538538538,-0.1966688757632592,0.0
854,0.8548548548548548,-0.17116178761181922,0.0
855,0.8558558558558559,-0.14565469946037524,0.0
856,0.8568568568568569,-0.12014761130893536,0.0
857,0.8578578578578578,-0.09464052315749538,0.0
858,0.8588588588588588,-0.06913343500605551,0.0
859,0.8598598598598598,-0.04362634685461564,0.0
860,0.8608608608608609,-0.018119258703171548,0.0
861,0.8618618618618619,0.007387829448268324,0.0
862,0.8628628628628628,0.032894917599708196,0.0
863,0.8638638638638638,0.05840200575114807,0.0
864,0.8648648648648649,0.08390909390259216,0.0
865,0.8658658658658659,0.10941618205403203,0.0
866,0.8668668668668669,0.13492327020547212,0.0
867,0.8678678678678678,0.160430358356912,0.0
868,0.8688688688688688,0.18593744650835187,0.0
869,0.8698698698698699,0.21144453465979596,0.0
870,0.8708708708708709,0.23695162281123583,0.0
871,0.8718718718718719,0.2624587109626757,0.0
872,0.8728728728728729,0.2879657991141156,0.0
873,0.8738738738738738,0.31347288726555544,0.0
874,0.8748748748748749,0.33897997541699953,0.0
875,0.8758758758758759,0.3644870635684394,0.0
876,0.8768768768768769,0.3899941517198793,0.0
877,0.8778778778778779,0.41550123987131937,0.0
878,0.8788788788788788,0.44100832802275924,0.0
879,0.8798798798798799,0.4665154161742031,0.0
880,0.8808808808808809,0.4920225043256432,0.0
881,0.8818818818818819,0.5175295924770831,0.0
882,0.8828828828828829,0.543036680628523,0.0
883,0.8838838838838838,0.5685437687799628,0.0
884,0.8848848848848849,0.5940508569314069,0.0
885,0.8858858858858859,0.6195579450828468,0.0
886,0.8868868868868869,0.6450650332342867,0.0
887,0.8878878878878879,0.6705721213857265,0.0
888,0.8888888888888888,0.6960792095371664,0.0
889,0.8898898898898899,0.7215862976886105,0.0
890,0.8908908908908909,0.7470933858400504,0.0
891,0.8918918918918919,0.7726004739914905,0.0
892,0.8928928928928929,0.7981075621429303,0.0
893,0.8938938938938938,0.8236146502943702,0.0
894,0.8948948948948949,0.8491217384458143,0.0
895,0.8958958958958959,0.8746288265972542,0.0
896,0.8968968968968969,0.900135914748694,0.0
897,0.8978978978978979,0.9256430029001341,0.0
898,0.8988988988988988,0.9511500910515738,0.0
899,0.8998998998998999,0.9766571792030179,0.0
900,0.9009009009009009,1.002164267354458,0.0
901,0.9019019019019019,1.0276713555058976,0.0
902,0.9029029029029029,1.0531784436573377,0.0
903,0.9039039039039038,1.0786855318087774,0.0
904,0.9049049049049049,1.1041926199602214,0.0
905,0.9059059059059059,1.1296997081116615,0.0
906,0.9069069069069069,1.1552067962631012,0.0
907,0.9079079079079079,1.1807138844145413,0.0
908,0.9089089089089089,1.2062209725659814,0.0
909,0.9099099099099099,1.2106750988256665,0.0
910,0.9109109109109109,1.2104507891094032,0.0
911,0.9119119119119119,1.2102264793931399,0.0
912,0.9129129129129129,1.2100021696768766,0.0
913,0.9139139139139139,1.209777859960613,0.0
914,0.914914914914915,1.2095535502443497,0.0
915,0.9159159159159159,1.2093292405280864,0.0
916,0.9169169169169169,1.2091049308118231,0.0
917,0.9179179179179179,1.2088806210955598,0.0
918,0.9189189189189189,1.2086563113792965,0.0
919,0.91991991991992,1.208432001663033,0.0
920,0.9209209209209209,1.2082076919467697,0.0
921,0.9219219219219219,1.2079833822305064,0.0
922,0.9229229229229229,1.207759072514243,0.0
923,0.9239239239239239,1.2075347627979798,0.0
924,0.924924924924925,1.2073104530817163,0.0
925,0.9259259259259259,1.207086143365453,0.0
926,0.9269269269269269,1.2068618336491896,0.0
927,0.9279279279279279,1.2066375239329263,0.0
928,0.9289289289289289,1.206413214216663,0.0
929,0.92992992992993,1.2061889045003995,0.0
930,0.9309309309309309,1.2059645947841362,0.0
931,0.9319319319319319,1.205740285067873,0.0
932,0.9329329329329329,1.2055159753516096,0.0
933,0.933933933933934,1.2052916656353463,0.0
934,0.934934934934935,1.205067355919083,0.0
935,0.9359359359359359,1.2048430462028195,0.0
936,0.9369369369369369,1.2046187364865562,0.0
937,0.9379379379379379,1.2043944267702928,0.0
938,0.938938938938939,1.2041701170540295,0.0
939,0.93993993993994,1.2039458073377662,0.0
940,0.9409409409409409,1.203721497621503,0.0
941,0.9419419419419419,1.2034971879052394,0.0
942,0.9429429429429429,1.203272878188976,0.0
943,0.943943943943944,1.2030485684727128,0.0
944,0.944944944944945,1.2028242587564495,0.0
945,0.9459459459459459,1.2025999490401862,0.0
946,0.9469469469469469,1.2023756393239227,0.0
947,0.9479479479479479,1.2021513296076594,0.0
948,0.948948948948949,1.201927019891396,0.0
949,0.94994994994995,1.2017027101751327,0.0
950,0.950950950950951,1.2014784004588694,0.0
951,0.9519519519519519,1.2012540907426061,0.0
952,0.9529529529529529,1.2010297810263426,0.0
953,0.953953953953954,1.2008054713100793,0.0
954,0.954954954954955,1.200581161593816,0.0
955,0.955955955955956,1.2003568518775527,0.0
956,0.9569569569569569,1.2001325421612894,0.0
957,0.9579579579579579,1.199908232445026,0.0
958,0.958958958958959,1.1996839227287626,0.0
959,0.95995995995996,1.1994596130124993,0.0
960,0.960960960960961,1.199235303296236,0.0
961,0.9619619619619619,1.1990109935799727,0.0
962,0.9629629629629629,1.1987866838637093,0.0
963,0.963963963963964,1.1985623741474458,0.0
964,0.964964964964965,1.1983380644311825,0.0
965,0.965965965965966,1.1981137547149192,0.0
966,0.9669669669669669,1.197889444998656,0.0
967,0.9679679679679679,1.1976651352823926,0.0
968,0.968968968968969,1.197440825566129,0.0
969,0.96996996996997,1.1972165158498658,0.0
970,0.970970970970971,1.1969922061336025,0.0
971,0.9719719719719719,1.1967678964173392,0.0
972,0.9729729729729729,1.1965435867010759,0.0
973,0.973973973973974,1.1963192769848126,0.0
974,0.974974974974975,1.196094967268549,0.0
975,0.975975975975976,1.1958706575522857,0.0
976,0.9769769769769769,1.1956463478360224,0.0
977,0.9779779779779779,1.1954220381197591,0.0
978,0.978978978978979,1.1951977284034958,0.0
979,0.97997997997998,1.1949734186872325,0.0
980,0.980980980980981,1.194749108970969,0.0
981,0.9819819819819819,1.1945247992547057,0.0
982,0.9829829829829829,1.1943004895384424,0.0
983,0.983983983983984,1.194076179822179,0.0
984,0.984984984984985,1.1938518701059158,0.0
985,0.985985985985986,1.1936275603896525,0.0
986,0.986986986986987,1.193403250673389,0.0
987,0.9879879879879879,1.1931789409571256,0.0
988,0.988988988988989,1.1929546312408623,0.0
989,0.98998998998999,1.192730321524599,0.0
990,0.990990990990991,1.1925060118083357,0.0
991,0.991991991991992,1.1922817020920722,0.0
992,0.992992992992993,1.1920573923758089,0.0
993,0.993993993993994,1.1918330826595456,0.0
994,0.994994994994995,1.1916087729432823,0.0
995,0.995995995995996,1.191384463227019,0.0
996,0.996996996996997,1.1911601535107557,0.0
997,0.997997997997998,1.1909358437944921,0.0
998,0.998998998998999,1.1907115340782288,0.0
999,1.0,1.1904872243619655,0.0
