lag,M_kernel
0.0,0.1
1.0,0.09801986733067553
2.0,0.09607894391523232
3.0,0.09417645335842488
4.0,0.09231163463866358
5.0,0.09048374180359596
6.0,0.08869204367171575
7.0,0.0869358235398806
8.0,0.08521437889662115
9.0,0.0835270211411272
10.0,0.0818730753077982
11.0,0.08025187979624786
12.0,0.07866278610665535
13.0,0.07710515858035663
14.0,0.07557837414557256
15.0,0.0740818220681718
16.0,0.0726149037073691
17.0,0.07117703227626097
18.0,0.0697676326071031
19.0,0.06838614092123559
20.0,0.06703200460356394
21.0,0.06570468198150568
22.0,0.06440364210831415
23.0,0.0631283645506926
24.0,0.061878339180614084
25.0,0.06065306597126335
26.0,0.05945205479701944
27.0,0.058274825237398964
28.0,0.05712090638488149
29.0,0.055989836656540205
30.0,0.05488116360940264
31.0,0.05379444375946745
32.0,0.052729242404304856
33.0,0.05168513344916992
34.0,0.05066169923655896
35.0,0.049658530379140954
36.0,0.04867522559599717
37.0,0.04771139155210344
38.0,0.04676664270099093
39.0,0.04584060113052235
40.0,0.044932896411722156
41.0,0.044043165450599935
42.0,0.043171052342907974
43.0,0.042316208231774885
44.0,0.04147829116815814
45.0,0.04065696597405991
46.0,0.039851904108451415
47.0,0.039062783535852116
48.0,0.03828928859751121
49.0,0.03753110988513996
50.0,0.036787944117144235
51.0,0.03605949401730783
52.0,0.03534546819587802
53.0,0.03464558103300574
54.0,0.033959552564493914
55.0,0.03328710836980796
56.0,0.032627979462303947
57.0,0.0319819021816304
58.0,0.03134861808826053
59.0,0.030727873860113126
60.0,0.030119421191220214
61.0,0.029523016692401424
62.0,0.028938421793905062
63.0,0.028365402649977042
64.0,0.027803730045319414
65.0,0.02725317930340126
66.0,0.026713530196585036
67.0,0.0261845668580326
68.0,0.025666077695355588
69.0,0.025157855305975654
70.0,0.02465969639416065
71.0,0.024171401689703647
72.0,0.02369277586821218
73.0,0.023223627472975884
74.0,0.022763768838381274
75.0,0.022313016014842982
76.0,0.021871188695221477
77.0,0.021438110142697794
78.0,0.021013607120076473
79.0,0.020597509820488344
80.0,0.02018965179946554
81.0,0.019789869908361468
82.0,0.019398004229089192
83.0,0.019013898010152058
84.0,0.018637397603940998
85.0,0.018268352405273466
86.0,0.017906614791149324
87.0,0.01755204006169969
88.0,0.017204486382305054
89.0,0.01686381472685955
90.0,0.016529888822158653
91.0,0.016202575093388075
92.0,0.015881742610692067
93.0,0.015567263036799731
94.0,0.01525901057568839
95.0,0.014956861922263507
96.0,0.014660696213035016
97.0,0.014370394977770293
98.0,0.0140858420921045
99.0,0.013806923731089283
100.0,0.013533528323661271
101.0,0.013265546508012172
102.0,0.013002871087842592
103.0,0.012745396989482075
104.0,0.012493021219858243
105.0,0.012245642825298192
106.0,0.012003162851145673
107.0,0.01176548430217792
108.0,0.011532512103806252
109.0,0.011304153064044985
110.0,0.011080315836233388
111.0,0.010860910882495797
112.0,0.010645850437925281
113.0,0.010435048475476504
114.0,0.010228420671553749
115.0,0.010025884372280375
116.0,0.009827358560436155
117.0,0.009632763823049305
118.0,0.009442022319630235
119.0,0.009255057751034329
120.0,0.009071795328941252
121.0,0.008892161745938635
122.0,0.00871608514619813
123.0,0.008543495096732124
124.0,0.008374322559219596
125.0,0.008208499862389881
126.0,0.008045960674953244
127.0,0.007886639979067495
128.0,0.007730474044329975
129.0,0.007577400402284548
130.0,0.007427357821433388
131.0,0.007280286282743559
132.0,0.007136126955638606
133.0,0.006994822174465536
134.0,0.006856315415427791
135.0,0.006720551273974976
136.0,0.006587475442640295
137.0,0.006457034689316847
138.0,0.006329176835964074
139.0,0.006203850737735832
140.0,0.006081006262521798
141.0,0.005960594270893937
142.0,0.005842566596450083
143.0,0.005726876026546736
144.0,0.005613476283413373
145.0,0.005502322005640724
146.0,0.005393368730035602
147.0,0.005286572873835037
148.0,0.0051818917172725834
149.0,0.005079283386489851
150.0,0.004978706836786395
151.0,0.004880121836201297
152.0,0.004783488949419837
153.0,0.004688769521998849
154.0,0.00459592566490442
155.0,0.00450492023935578
156.0,0.004415716841969286
157.0,0.0043282797901965896
158.0,0.004242574108051139
159.0,0.004158565512117316
160.0,0.0040762203978366215
161.0,0.00399550582606539
162.0,0.003916389509898707
163.0,0.0038388398017552075
164.0,0.003762825680717622
165.0,0.0036883167401240017
166.0,0.0036152831754046426
167.0,0.003543695772159864
168.0,0.0034735258944738564
169.0,0.0034047454734599347
170.0,0.0033373269960326082
171.0,0.003271243493901982
172.0,0.003206468532786077
173.0,0.0031429762018367713
174.0,0.0030807411032751078
175.0,0.00301973834223185
176.0,0.0029599435167892
177.0,0.0029013327082197055
178.0,0.0028438824714184506
179.0,0.0027875698255247017
180.0,0.0027323722447292562
181.0,0.002678267649263818
182.0,0.002625234396568796
183.0,0.002573251272635994
184.0,0.0025222974835227216
185.0,0.002472352647033939
186.0,0.0024233967845691115
187.0,0.0023754103131305
188.0,0.0023283740374897013
189.0,0.002282269142509298
190.0,0.0022370771856165604
191.0,0.0021927800894261623
192.0,0.0021493601345089924
193.0,0.0021067999523041434
194.0,0.0020650825181712565
195.0,0.002024191144580439
196.0,0.0019841094744370287
197.0,0.0019448214745385391
198.0,0.0019063114291611638
199.0,0.0018685639337732774
200.0,0.001831563888873418
201.0,0.0017952964939502868
202.0,0.0017597472415623394
203.0,0.001724901911534628
204.0,0.001690746565270528
205.0,0.0016572675401761256
206.0,0.001624451444194987
207.0,0.00159228515045117
208.0,0.0015607557919982832
209.0,0.001529850756672552
210.0,0.0014995576820477704
211.0,0.0014698644504901786
212.0,0.0014407591843112351
213.0,0.0014122302410163963
214.0,0.0013842662086479501
215.0,0.0013568559012200935
216.0,0.0013299883542443767
217.0,0.0013036528203437736
218.0,0.001277838764953576
219.0,0.0012525358621074385
220.0,0.0012277339903068436
221.0,0.0012034232284723776
222.0,0.0011795938519751563
223.0,0.0011562363287468537
224.0,0.0011333413154667388
225.0,0.0011108996538242307
226.0,0.0010889023668554452
227.0,0.0010673406553522926
228.0,0.0010462058943426803
229.0,0.0010254896296404022
230.0,0.0010051835744633586
231.0,0.0009852796061187257
232.0,0.0009657697627537777
233.0,0.0009466462401710324
234.0,0.0009279013887064744
235.0,0.0009095277101695816
236.0,0.0008915178548439554
237.0,0.000873864618547329
238.0,0.0008565609397498061
239.0,0.0008395998967491471
240.0,0.0008229747049020031
241.0,0.0008066787139099614
242.0,0.0007907054051593442
243.0,0.0007750483891136692
244.0,0.0007597014027577567
245.0,0.0007446583070924339
246.0,0.0007299130846788583
247.0,0.000715459837231458
248.0,0.0007012927832585425
249.0,0.0006874062557496248
250.0,0.0006737946999085467
251.0,0.0006604526709314811
252.0,0.0006473748318289405
253.0,0.0006345559512909117
254.0,0.0006219909015942574
255.0,0.0006096746565515638
256.0,0.0005976022895005943
257.0,0.0005857689713335623
258.0,0.0005741699685654203
259.0,0.0005628006414404066
260.0,0.0005516564420760772
261.0,0.000540732912644096
262.0,0.0005300256835870402
263.0,0.0005195304718705232
264.0,0.000509243079269919
265.0,0.0004991593906910217
266.0,0.0004892753725239476
267.0,0.00047958707102964214
268.0,0.00047009061075832764
269.0,0.0004607821929992752
270.0,0.0004516580942612666
271.0,0.00044271466478315114
272.0,0.0004339483270738895
273.0,0.0004253555744815126
274.0,0.0004169329697904112
275.0,0.00040867714384640666
276.0,0.00040058479420904206
277.0,0.00039265268383056244
278.0,0.0003848776397610543
279.0,0.00037725655187922057
280.0,0.00036978637164829324
281.0,0.0003624641108965756
282.0,0.0003552868406221362
283.0,0.00034825168982116633
284.0,0.00034135584433954305
285.0,0.0003345965457471272
286.0,0.00032797109023435735
287.0,0.000321476827530687
288.0,0.0003151111598444442
289.0,0.0003088715408236769
290.0,0.0003027554745375816
291.0,0.00029676051447809443
292.0,0.00029088426258125843
293.0,0.00028512436826796326
294.0,0.0002794785275036844
295.0,0.00027394448187683686
296.0,0.00026852001769538206
297.0,0.00026320296510131986
298.0,0.000257991197202718
299.0,0.00025288262922292556
300.0,0.00024787521766663585
301.0,0.00024296695950245975
302.0,0.00023815589136168708
303.0,0.00023344008875291353
304.0,0.00022881766529221693
305.0,0.00022428677194858034
306.0,0.00021984559630425313
307.0,0.0002154923618297615
308.0,0.00021122532717327144
309.0,0.00020704278546402607
310.0,0.00020294306362957342
311.0,0.00019892452172651635
312.0,0.00019498555228451207
313.0,0.00019112457966326377
314.0,0.00018734005942224233
315.0,0.00018363047770289073
316.0,0.00017999435062305912
317.0,0.00017643022368343355
318.0,0.00017293667118571557
319.0,0.00016951229566232505
320.0,0.0001661557273173934
321.0,0.00016286562347882808
322.0,0.00015964066806122476
323.0,0.00015647957103941666
324.0,0.0001533810679324463
325.0,0.00015034391929775724
326.0,0.00014736691023539963
327.0,0.00014444884990205434
328.0,0.00014158857103468034
329.0,0.0001387849294835929
330.0,0.0001360368037547894
331.0,0.00013334309456133593
332.0,0.00013070272438363878
333.0,0.00012811463703842115
334.0,0.00012557779725623695
335.0,0.0001230911902673481
336.0,0.00012065382139580405
337.0,0.00011826471566155728
338.0,0.00011592291739045914
339.0,0.00011362748983197659
340.0,0.00011137751478448033
341.0,0.00010917209222795108
342.0,0.00010701033996396045
343.0,0.00010489139326277882
344.0,0.00010281440451747298
345.0,0.00010077854290485106
346.0,9.878299405312295e-05
347.0,9.682695971614017e-05
348.0,9.490965745408727e-05
349.0,9.303032032049491e-05
350.0,9.118819655545162e-05
351.0,8.938254928488936e-05
352.0,8.761265622582417e-05
353.0,8.587780939743372e-05
354.0,8.41773148378549e-05
355.0,8.251049232659046e-05
356.0,8.087667511241114e-05
357.0,7.927520964664691e-05
358.0,7.770545532175816e-05
359.0,7.616678421508473e-05
360.0,7.465858083766792e-05
361.0,7.318024188804729e-05
362.0,7.173117601093136e-05
363.0,7.031080356064829e-05
364.0,6.891855636927931e-05
365.0,6.755387751938444e-05
366.0,6.621622112122764e-05
367.0,6.490505209441411e-05
368.0,6.361984595385052e-05
369.0,6.236008859994444e-05
370.0,6.112527611295723e-05
371.0,5.991491455142981e-05
372.0,5.872851975459908e-05
373.0,5.756561714872761e-05
374.0,5.6425741557267384e-05
375.0,5.530843701478336e-05
376.0,5.421325658456091e-05
377.0,5.3139762179825296e-05
378.0,5.208752438850127e-05
379.0,5.105612230144218e-05
380.0,5.004514334406109e-05
381.0,4.9054183111295056e-05
382.0,4.8082845205838076e-05
383.0,4.713074107957654e-05
384.0,4.619748987816513e-05
385.0,4.52827182886797e-05
386.0,4.438606039028741e-05
387.0,4.3507157507873215e-05
388.0,4.264565806856539e-05
389.0,4.180121746110129e-05
390.0,4.097349789797868e-05
391.0,4.016216828033581e-05
392.0,3.936690406550783e-05
393.0,3.858738713720507e-05
394.0,3.7823305678262576e-05
395.0,3.7074354045908826e-05
396.0,3.6340232649504785e-05
397.0,3.56206478307034e-05
398.0,3.4915311745982646e-05
399.0,3.422394225150394e-05
400.0,3.354626279025119e-05
401.0,3.2882002281403996e-05
402.0,3.2230895011901914e-05
403.0,3.159268053015553e-05
404.0,3.096710354186262e-05
405.0,3.035391380788668e-05
406.0,2.9752866044158136e-05
407.0,2.9163719823557374e-05
408.0,2.858623947974087e-05
409.0,2.8020194012871204e-05
410.0,2.7465356997214256e-05
411.0,2.6921506490565785e-05
412.0,2.6388424945471795e-05
413.0,2.5865899122206352e-05
414.0,2.535372000347304e-05
415.0,2.4851682710795188e-05
416.0,2.435958642256188e-05
417.0,2.3877234293696415e-05
418.0,2.3404433376915797e-05
419.0,2.2940994545549174e-05
420.0,2.248673241788482e-05
421.0,2.2041465283014714e-05
422.0,2.160501502814794e-05
423.0,2.1177207067363094e-05
424.0,2.0757870271771752e-05
425.0,2.0346836901064418e-05
426.0,1.9943942536412283e-05
427.0,1.9549026014697492e-05
428.0,1.9161929364045704e-05
429.0,1.8782497740635364e-05
430.0,1.841057936675792e-05
431.0,1.8046025470104846e-05
432.0,1.768869022425666e-05
433.0,1.7338430690350556e-05
434.0,1.699510675990275e-05
435.0,1.6658581098763355e-05
436.0,1.6328719092180807e-05
437.0,1.600538879095432e-05
438.0,1.568846085865224e-05
439.0,1.5377808519875896e-05
440.0,1.5073307509547651e-05
441.0,1.4774836023203364e-05
442.0,1.4482274668268801e-05
443.0,1.4195506416301115e-05
444.0,1.3914416556175866e-05
445.0,1.363889264820114e-05
446.0,1.3368824479140023e-05
447.0,1.310410401812393e-05
448.0,1.284462537343878e-05
449.0,1.2590284750166984e-05
450.0,1.2340980408667957e-05
451.0,1.2096612623880994e-05
452.0,1.1857083645433904e-05
453.0,1.1622297658541524e-05
454.0,1.1392160745678614e-05
455.0,1.1166580849011478e-05
456.0,1.0945467733573677e-05
457.0,1.0728732951170802e-05
458.0,1.0516289805000094e-05
459.0,1.0308053314970452e-05
460.0,1.0103940183709343e-05
461.0,9.903868763242697e-06
462.0,9.707759022334712e-06
463.0,9.515532514474173e-06
464.0,9.32711234649488e-06
465.0,9.142423147817328e-06
466.0,8.961391040299518e-06
467.0,8.783943608684635e-06
468.0,8.610009871634035e-06
469.0,8.439520253333737e-06
470.0,8.272406555663223e-06
471.0,8.108601930915201e-06
472.0,7.948040855055678e-06
473.0,7.790659101513454e-06
474.0,7.63639371548869e-06
475.0,7.48518298877006e-06
476.0,7.336966435050709e-06
477.0,7.191684765732903e-06
478.0,7.049279866211784e-06
479.0,6.909694772628816e-06
480.0,6.77287364908539e-06
481.0,6.638761765307785e-06
482.0,6.507305474754294e-06
483.0,6.378452193155949e-06
484.0,6.252150377482026e-06
485.0,6.128349505322214e-06
486.0,6.007000054676937e-06
487.0,5.888053484147943e-06
488.0,5.7714622135210334e-06
489.0,5.657179604733389e-06
490.0,5.545159943217695e-06
491.0,5.435358419615749e-06
492.0,5.327731111854062e-06
493.0,5.222234967574478e-06
494.0,5.118827786912642e-06
495.0,5.017468205617529e-06
496.0,4.91811567850513e-06
497.0,4.8207304632398835e-06
498.0,4.7252736044371874e-06
499.0,4.631706918080762e-06
500.0,4.539992976248485e-06
501.0,4.450095092140754e-06
502.0,4.361977305405272e-06
503.0,4.275604367752418e-06
504.0,4.19094172885549e-06
505.0,4.107955522530073e-06
506.0,4.026612553187137e-06
507.0,3.946880282554354e-06
508.0,3.86872681666037e-06
509.0,3.792120893076764e-06
510.0,3.7170318684126737e-06
511.0,3.6434297060570274e-06
512.0,3.5712849641635215e-06
513.0,3.500568783873448e-06
514.0,3.431252877771797e-06
515.0,3.363309518571897e-06
516.0,3.296711528024157e-06
517.0,3.2314322660443664e-06
518.0,3.167445620057331e-06
519.0,3.1047259945514847e-06
520.0,3.043248300840363e-06
521.0,2.982987947026762e-06
522.0,2.9239208281656752e-06
523.0,2.86602331662198e-06
524.0,2.809272252619093e-06
525.0,2.753644934974716e-06
526.0,2.6991191120200844e-06
527.0,2.645672972698995e-06
528.0,2.593285137843091e-06
529.0,2.541934651619925e-06
530.0,2.4916009731503204e-06
531.0,2.4422639682917656e-06
532.0,2.393903901584477e-06
533.0,2.3465014283569706e-06
534.0,2.30003758698791e-06
535.0,2.254493791321221e-06
536.0,2.2098518232313747e-06
537.0,2.1660938253359085e-06
538.0,2.123202293852213e-06
539.0,2.0811600715958e-06
540.0,2.0399503411171922e-06
541.0,1.999556617974736e-06
542.0,1.9599627441405793e-06
543.0,1.921152881537264e-06
544.0,1.8831115057022737e-06
545.0,1.845823399578056e-06
546.0,1.809273647424976e-06
547.0,1.7734476288548363e-06
548.0,1.7383310129825192e-06
549.0,1.7039097526934541e-06
550.0,1.670170079024566e-06
551.0,1.637098495656519e-06
552.0,1.6046817735150053e-06
553.0,1.5729069454789375e-06
554.0,1.5417613011934362e-06
555.0,1.5112323819855034e-06
556.0,1.4813079758803988e-06
557.0,1.45197611271668e-06
558.0,1.4232250593579902e-06
559.0,1.3950433149996306e-06
560.0,1.3674196065680965e-06
561.0,1.3403428842116916e-06
562.0,1.3138023168804505e-06
563.0,1.2877872879935594e-06
564.0,1.2622873911925919e-06
565.0,1.2372924261788223e-06
566.0,1.2127923946329786e-06
567.0,1.188777496215769e-06
568.0,1.1652381246476235e-06
569.0,1.1421648638660505e-06
570.0,1.119548484259094e-06
571.0,1.0973799389733532e-06
572.0,1.0756503602951294e-06
573.0,1.0543510561032177e-06
574.0,1.0334735063919507e-06
575.0,1.0130093598630711e-06
576.0,9.929504305851082e-07
577.0,9.732886947188948e-07
578.0,9.540162873079232e-07
579.0,9.351254991322629e-07
580.0,9.166087736247618e-07
581.0,8.98458703848324e-07
582.0,8.806680295330328e-07
583.0,8.632296341719535e-07
584.0,8.46136542174425e-07
585.0,8.293819160757371e-07
586.0,8.12959053802051e-07
587.0,7.968613859894859e-07
588.0,7.810824733562767e-07
589.0,7.656160041269817e-07
590.0,7.504557915076858e-07
591.0,7.355957712112049e-07
592.0,7.210299990312829e-07
593.0,7.067526484648349e-07
594.0,6.927580083812657e-07
595.0,6.79040480737947e-07
596.0,6.655945783409174e-07
597.0,6.524149226499367e-07
598.0,6.394962416269964e-07
599.0,6.268333676274385e-07
600.0,6.14421235332821e-07
601.0,6.022548797247291e-07
602.0,5.903294340986992e-07
603.0,5.786401281174718e-07
604.0,5.67182285902797e-07
605.0,5.559513241650146e-07
606.0,5.449427503696814e-07
607.0,5.341521609404953e-07
608.0,5.235752394978102e-07
609.0,5.132077551320204e-07
610.0,5.030455607111448e-07
611.0,4.930845912219163e-07
612.0,4.833208621437263e-07
613.0,4.737504678547579e-07
614.0,4.6436958006968856e-07
615.0,4.551744463083231e-07
616.0,4.4616138839455554e-07
617.0,4.3732680098504346e-07
618.0,4.286671501270272e-07
619.0,4.201789718446992e-07
620.0,4.118588707535708e-07
621.0,4.0370351870226866e-07
622.0,3.9570965344123286e-07
623.0,3.8787407731777183e-07
624.0,3.801936559969619e-07
625.0,3.726653172078671e-07
626.0,3.6528604951459266e-07
627.0,3.580529011116696e-07
628.0,3.509629786432929e-07
629.0,3.4401344604594294e-07
630.0,3.3720152341391847e-07
631.0,3.305244858873398e-07
632.0,3.239796625621674e-07
633.0,3.175644354218069e-07
634.0,3.11276238289864e-07
635.0,3.0511255580364227e-07
636.0,2.9907092240796304e-07
637.0,2.931489213689131e-07
638.0,2.873441838071151e-07
639.0,2.8165438775014674e-07
640.0,2.7607725720371986e-07
641.0,2.7061056124125424e-07
642.0,2.6525211311147394e-07
643.0,2.599997693636803e-07
644.0,2.548514289903414e-07
645.0,2.498050325866635e-07
646.0,2.4485856152679843e-07
647.0,2.400100371563685e-07
648.0,2.352575200009771e-07
649.0,2.305991089903953e-07
650.0,2.2603294069810543e-07
651.0,2.2155718859590755e-07
652.0,2.1717006232328327e-07
653.0,2.128698069712273e-07
654.0,2.0865470238026222e-07
655.0,2.0452306245234897e-07
656.0,2.004732344764272e-07
657.0,1.9650359846730773e-07
658.0,1.9261256651765851e-07
659.0,1.887985821628181e-07
660.0,1.8506011975819084e-07
661.0,1.8139568386896764e-07
662.0,1.7780380867193375e-07
663.0,1.742830573691177e-07
664.0,1.7083202161305436e-07
665.0,1.6744932094342662e-07
666.0,1.641336022348639e-07
667.0,1.6088353915567237e-07
668.0,1.5769783163728552e-07
669.0,1.5457520535421914e-07
670.0,1.515144112143249e-07
671.0,1.4851422485913553e-07
672.0,1.4557344617410583e-07
673.0,1.426908988085507e-07
674.0,1.3986542970508993e-07
675.0,1.3709590863840845e-07
676.0,1.3438122776315214e-07
677.0,1.317203011707747e-07
678.0,1.2911206445515945e-07
679.0,1.2655547428684361e-07
680.0,1.2404950799567134e-07
681.0,1.2159316316171283e-07
682.0,1.191854572142826e-07
683.0,1.1682542703889889e-07
684.0,1.145121285920239e-07
685.0,1.1224463652343443e-07
686.0,1.1002204380606924e-07
687.0,1.0784346137320685e-07
688.0,1.0570801776282569e-07
689.0,1.0361485876900873e-07
690.0,1.0156314710024903e-07
691.0,9.955206204452297e-08
692.0,9.758079914099323e-08
693.0,9.56485698582146e-08
694.0,9.375460127871032e-08
695.0,9.189813578979572e-08
696.0,9.007843078052185e-08
697.0,8.829475834462194e-08
698.0,8.654640498933887e-08
699.0,8.483267135001915e-08
700.0,8.31528719103568e-08
701.0,8.150633472817833e-08
702.0,7.989240116665673e-08
703.0,7.83104256308479e-08
704.0,7.675977530944447e-08
705.0,7.523982992164214e-08
706.0,7.374998146901957e-08
707.0,7.228963399233066e-08
708.0,7.085820333311346e-08
709.0,6.945511690001816e-08
710.0,6.807981343976342e-08
711.0,6.673174281262743e-08
712.0,6.541036577238503e-08
713.0,6.411515375060144e-08
714.0,6.28455886451982e-08
715.0,6.160116261320527e-08
716.0,6.038137786761752e-08
717.0,5.918574647827261e-08
718.0,5.80137901766728e-08
719.0,5.686504016467108e-08
720.0,5.573903692694596e-08
721.0,5.46353300471887e-08
722.0,5.355347802793109e-08
723.0,5.249304811394046e-08
724.0,5.1453616119112124e-08
725.0,5.0434766256788804e-08
726.0,4.943609097344072e-08
727.0,4.845719078563868e-08
728.0,4.7497674120255294e-08
729.0,4.655715715783087e-08
730.0,4.563526367903994e-08
731.0,4.473162491419893e-08
732.0,4.3845879395753135e-08
733.0,4.297767281368524e-08
734.0,4.212665787378609e-08
735.0,4.129249415873272e-08
736.0,4.04748479919167e-08
737.0,3.9673392303969353e-08
738.0,3.8887806501929214e-08
739.0,3.8117776341000846e-08
740.0,3.7362993798852604e-08
741.0,3.6623156952403866e-08
742.0,3.589796985705135e-08
743.0,3.518714242828764e-08
744.0,3.449039032566334e-08
745.0,3.380743483904737e-08
746.0,3.313800277713882e-08
747.0,3.248182635818706e-08
748.0,3.1838643102875315e-08
749.0,3.1208195729325665e-08
750.0,3.059023205018258e-08
751.0,2.9984504871734765e-08
752.0,2.9390771895034365e-08
753.0,2.8808795618974118e-08
754.0,2.823834324528391e-08
755.0,2.7679186585408073e-08
756.0,2.713110196922714e-08
757.0,2.659387015558671e-08
758.0,2.6067276244598217e-08
759.0,2.555110959167588e-08
760.0,2.5045163723276222e-08
761.0,2.4549236254305793e-08
762.0,2.4063128807164648e-08
763.0,2.3586646932392363e-08
764.0,2.3119600030885855e-08
765.0,2.26618012776571e-08
766.0,2.2213067547100834e-08
767.0,2.1773219339741586e-08
768.0,2.1342080710431698e-08
769.0,2.0919479197970818e-08
770.0,2.050524575611927e-08
771.0,2.0099214685977092e-08
772.0,1.9701223569702406e-08
773.0,1.931111320554205e-08
774.0,1.8928727544148887e-08
775.0,1.8553913626159786e-08
776.0,1.8186521521009958e-08
777.0,1.7826404266958722e-08
778.0,1.7473417812302797e-08
779.0,1.7127420957753835e-08
780.0,1.6788275299956634e-08
781.0,1.6455845176126068e-08
782.0,1.612999760978012e-08
783.0,1.581060225754761e-08
784.0,1.5497531357028967e-08
785.0,1.519065967568964e-08
786.0,1.4889864460765389e-08
787.0,1.4595025390159645e-08
788.0,1.4306024524312902e-08
789.0,1.4022746259025416e-08
790.0,1.374507727921396e-08
791.0,1.3472906513584356e-08
792.0,1.3206125090201332e-08
793.0,1.2944626292938407e-08
794.0,1.2688305518789953e-08
795.0,1.2437060236028695e-08
796.0,1.2190789943191536e-08
797.0,1.1949396128877681e-08
798.0,1.1712782232342766e-08
799.0,1.148085360487332e-08
800.0,1.1253517471925913e-08
801.0,1.1030682896016174e-08
802.0,1.0812260740342578e-08
803.0,1.0598163633130515e-08
804.0,1.0388305932682435e-08
805.0,1.0182603693119987e-08
806.0,9.980974630804683e-09
807.0,9.783338091423136e-09
808.0,9.589615017724404e-09
809.0,9.399727917896002e-09
810.0,9.213600834566135e-09
811.0,9.031159314419743e-09
812.0,8.852330378416181e-09
813.0,8.6770424925966e-09
814.0,8.505225539469533e-09
815.0,8.336810789962772e-09
816.0,8.171730875930956e-09
817.0,8.009919763207376e-09
818.0,7.851312725189432e-09
819.0,7.69584631694713e-09
820.0,7.543458349844258e-09
821.0,7.394087866662086e-09
822.0,7.2476751172157565e-09
823.0,7.104161534453269e-09
824.0,6.96348971102798e-09
825.0,6.82560337633487e-09
826.0,6.690447374001552e-09
827.0,6.557967639824989e-09
828.0,6.42811118014509e-09
829.0,6.300826050646541e-09
830.0,6.176061335580363e-09
831.0,6.053767127397022e-09
832.0,5.93389450678261e-09
833.0,5.816395523090561e-09
834.0,5.701223175160721e-09
835.0,5.588331392518268e-09
836.0,5.477675016944901e-09
837.0,5.369209784414953e-09
838.0,5.26289230738917e-09
839.0,5.1586800574591945e-09
840.0,5.0565313483355204e-09
841.0,4.956405319172498e-09
842.0,4.8582619182234295e-09
843.0,4.76206188681934e-09
844.0,4.667766743664984e-09
845.0,4.575338769445812e-09
846.0,4.484740991739733e-09
847.0,4.39593717022771e-09
848.0,4.308891782197055e-09
849.0,4.223570008331936e-09
850.0,4.139937718785167e-09
851.0,4.057961459525818e-09
852.0,3.977608438957152e-09
853.0,3.898846514799556e-09
854.0,3.821644181233194e-09
855.0,3.7459705562952454e-09
856.0,3.6717953695267695e-09
857.0,3.599088949864028e-09
858.0,3.5278222137697247e-09
859.0,3.4579666535991865e-09
860.0,3.3894943261969243e-09
861.0,3.3223778417190014e-09
862.0,3.256590352676727e-09
863.0,3.1921055431972967e-09
864.0,3.1288976184971307e-09
865.0,3.0669412945635554e-09
866.0,3.006211788040901e-09
867.0,2.946684806316821e-09
868.0,2.8883365378049223e-09
869.0,2.831143642419813e-09
870.0,2.7750832422407564e-09
871.0,2.72013291236019e-09
872.0,2.6662706719135e-09
873.0,2.613474975286325e-09
874.0,2.561724703496062e-09
875.0,2.510999155743982e-09
876.0,2.461278041134635e-09
877.0,2.4125414705592198e-09
878.0,2.3647699487396765e-09
879.0,2.317944366430316e-09
880.0,2.272045992773856e-09
881.0,2.227056467808864e-09
882.0,2.1829577951254782e-09
883.0,2.1397323346666344e-09
884.0,2.097362795671802e-09
885.0,2.0558322297604486e-09
886.0,2.015124024152461e-09
887.0,1.9752218950228132e-09
888.0,1.9361098809878105e-09
889.0,1.8977723367203524e-09
890.0,1.8601939266915512e-09
891.0,1.823359619036343e-09
892.0,1.7872546795405348e-09
893.0,1.751864665746923e-09
894.0,1.717175421178117e-09
895.0,1.6831730696737597e-09
896.0,1.6498440098398732e-09
897.0,1.6171749096081417e-09
898.0,1.585152700902873e-09
899.0,1.5537645744136167e-09
900.0,1.522997974471263e-09
901.0,1.492840594025608e-09
902.0,1.4632803697223702e-09
903.0,1.4343054770776864e-09
904.0,1.4059043257481615e-09
905.0,1.3780655548945718e-09
906.0,1.3507780286373977e-09
907.0,1.324030831602292e-09
908.0,1.297813264553807e-09
909.0,1.2721148401155513e-09
910.0,1.246925278575099e-09
911.0,1.2222345037719688e-09
912.0,1.1980326390670247e-09
913.0,1.1743100033916848e-09
914.0,1.1510571073753813e-09
915.0,1.1282646495496606e-09
916.0,1.105923512627489e-09
917.0,1.0840247598562119e-09
918.0,1.0625596314427334e-09
919.0,1.0415195410494825e-09
920.0,1.0208960723597638e-09
921.0,1.0006809757111146e-09
922.0,9.808661647953445e-10
923.0,9.614437134238823e-10
924.0,9.4240585235721e-10
925.0,9.237449661970594e-10
926.0,9.054535903401516e-10
927.0,8.875244079922554e-10
928.0,8.699502472413725e-10
929.0,8.527240781888775e-10
930.0,8.358390101374609e-10
931.0,8.19288288834771e-10
932.0,8.030652937716048e-10
933.0,7.87163535533627e-10
934.0,7.715766532055165e-10
935.0,7.562984118265141e-10
936.0,7.413226998963554e-10
937.0,7.266435269305897e-10
938.0,7.122550210643034e-10
939.0,6.981514267033056e-10
940.0,6.843271022217988e-10
941.0,6.707765177056638e-10
942.0,6.574942527404172e-10
943.0,6.444749942429737e-10
944.0,6.317135343363417e-10
945.0,6.192047682664039e-10
946.0,6.069436923599441e-10
947.0,5.949254020231208e-10
948.0,5.831450897795513e-10
949.0,5.715980433472653e-10
950.0,5.602796437537268e-10
951.0,5.491853634881847e-10
952.0,5.38310764690607e-10
953.0,5.276514973764782e-10
954.0,5.17203297696747e-10
955.0,5.069619862322287e-10
956.0,4.969234663217883e-10
957.0,4.870837224236112e-10
958.0,4.774388185089398e-10
959.0,4.679848964876077e-10
960.0,4.587181746647524e-10
961.0,4.49634946228087e-10
962.0,4.4073157776512533e-10
963.0,4.320045078097676e-10
964.0,4.234502454176721e-10
965.0,4.1506536876982237e-10
966.0,4.068465238037592e-10
967.0,3.987904228719101e-10
968.0,3.908938434264864e-10
969.0,3.8315362673042067e-10
970.0,3.7556667659383027e-10
971.0,3.681299581354985e-10
972.0,3.6084049656888715e-10
973.0,3.5369537601217413e-10
974.0,3.4669173832186717e-10
975.0,3.398267819495071e-10
976.0,3.3309776082101105e-10
977.0,3.265019832382061e-10
978.0,3.200368108021142e-10
979.0,3.136996573575575e-10
980.0,3.074879879586606e-10
981.0,3.013993178548428e-10
982.0,2.9543121149687813e-10
983.0,2.895812815626475e-10
984.0,2.8384718800217715e-10
985.0,2.782266371015873e-10
986.0,2.7271738056557604e-10
987.0,2.6731721461807124e-10
988.0,2.6202397912068983e-10
989.0,2.5683555670865717e-10
990.0,2.517498719438278e-10
991.0,2.467648904844857e-10
992.0,2.418786182715797e-10
993.0,2.3708910073107363e-10
994.0,2.3239442199209018e-10
995.0,2.2779270412053713e-10
996.0,2.23282106367908e-10
997.0,2.1886082443496136e-10
998.0,2.145270897499719e-10
999.0,2.1027916876128178e-10
