tau,phi_data,phi_full,residual_full
0.0,0.6028238917084621,0.6028238917084621,0.0
0.001001001001001,0.597337055164298,0.5915971219367138,0.00573993322758426
0.002002002002002,0.5918502186201341,0.5803113620686482,0.011538856551485899
0.003003003003003,0.58636338207597,0.5695953716358735,0.01676801044009657
0.004004004004004,0.5808765455318061,0.5591180970614116,0.021758448470394542
0.005005005005005,0.5753897089876421,0.5482581087863737,0.02713160020126837
0.006006006006006,0.5699028724434781,0.5377313729764198,0.03217149946705833
0.007007007007007,0.5644160358993141,0.5276880387705073,0.03672799712880681
0.008008008008008,0.5589291993551502,0.5177438587788693,0.04118534057628087
0.009009009009009,0.5534423628109861,0.5080458300952614,0.04539653271572475
0.01001001001001,0.5479555262668222,0.4983619793729766,0.0495935468938456
0.011011011011011,0.5424686897226582,0.4892062923175103,0.05326239740514788
0.012012012012012,0.5369818531784942,0.4802017023889957,0.05678015078949855
0.013013013013013,0.5314950166343302,0.4712232271264168,0.0602717895079134
0.014014014014014,0.5260081800901663,0.4626253268356359,0.06338285325453036
0.015015015015015,0.5205213435460022,0.4540563423072792,0.06646500123872301
0.016016016016016,0.5150345070018383,0.4453821845628123,0.06965232243902597
0.017017017017017,0.5095476704576742,0.4371163034434406,0.07243136701423364
0.018018018018018,0.5040608339135103,0.4287394070656046,0.07532142684790571
0.019019019019019,0.4985739973693462,0.4208872010551531,0.07768679631419312
0.02002002002002,0.4930871608251823,0.4129961651560905,0.08009099566909178
0.021021021021021,0.4876003242810183,0.4052258732500303,0.082374451030988
0.022022022022022,0.4821134877368543,0.3975017659820963,0.08461172175475801
0.023023023023023,0.4766266511926903,0.3903033665534806,0.08632328463920974
0.024024024024024,0.4711398146485263,0.3829640660688114,0.08817574857971489
0.025025025025025,0.4656529781043623,0.3757073782476371,0.08994559985672518
0.026026026026026,0.4601661415601983,0.3686018247727897,0.09156431678740862
0.027027027027027,0.4546793050160344,0.3618063871837548,0.09287291783227958
0.028028028028028,0.4491924684718704,0.3551047865700401,0.09408768190183031
0.029029029029029,0.4437056319277064,0.3485381394575336,0.09516749247017281
0.03003003003003,0.4382187953835424,0.3420980729878872,0.09612072239565522
0.031031031031031,0.4327319588393784,0.3361211034879582,0.09661085535142017
0.032032032032032,0.4272451222952144,0.3297459290726824,0.09749919322253198
0.033033033033033,0.4217582857510504,0.3234689419776859,0.09828934377336451
0.034034034034034,0.4162714492068864,0.3172491240251919,0.09902232518169451
0.035035035035035,0.4107846126627225,0.3114320077657523,0.09935260489697018
0.036036036036036,0.4052977761185584,0.3058265172875199,0.09947125883103847
0.037037037037037,0.3998109395743945,0.3000771558757558,0.09973378369863872
0.038038038038038,0.3943241030302304,0.2942900630807995,0.10003403994943089
0.039039039039039,0.3888372664860665,0.2886144707977769,0.10022279568828957
0.04004004004004,0.3833504299419025,0.2833404631190094,0.10000996682289309
0.041041041041041,0.3778635933977385,0.2781837611582008,0.09967983223953769
0.042042042042042,0.3723767568535745,0.2730835575177053,0.09929319933586922
0.043043043043043,0.3668899203094106,0.2678368795468403,0.09905304076257027
0.044044044044044,0.3614030837652465,0.2628681586421866,0.09853492512305989
0.045045045045045,0.3559162472210825,0.2579693579642568,0.09794688925682571
0.046046046046046,0.3504294106769186,0.2531827074682481,0.09724670320867046
0.047047047047047,0.3449425741327546,0.2486163648976443,0.09632620923511029
0.048048048048048,0.3394557375885906,0.2440058299671193,0.09544990762147129
0.049049049049049,0.3339689010444266,0.2395727812708031,0.09439611977362353
0.05005005005005,0.3284820645002627,0.2351003513637202,0.09338171313654248
0.051051051051051,0.3229952279560986,0.2307560193585286,0.09223920859756998
0.052052052052052,0.3175083914119346,0.2265615364933778,0.09094685491855681
0.053053053053053,0.3120215548677706,0.2220274876850216,0.08999406718274902
0.054054054054054,0.3065347183236066,0.2178060628089289,0.08872865551467773
0.055055055055055,0.3010478817794427,0.2136335129321289,0.0874143688473138
0.056056056056056,0.2955610452352787,0.2095053585630945,0.08605568667218422
0.057057057057057,0.2900742086911147,0.2055273231164359,0.08454688557467882
0.058058058058058,0.2845873721469507,0.2019781467852735,0.08260922536167717
0.059059059059059,0.2791005356027867,0.1980228010600839,0.08107773454270278
0.06006006006006,0.2736136990586227,0.1945087075887728,0.0791049914698499
0.061061061061061,0.2681268625144588,0.1905296545297363,0.07759720798472247
0.062062062062062,0.2626400259702947,0.1868949753723069,0.07574505059798778
0.063063063063063,0.2571531894261308,0.1834279822053151,0.07372520722081571
0.064064064064064,0.2516663528819667,0.1801106865229386,0.0715556663590281
0.065065065065065,0.2461795163378027,0.1768805325091067,0.06929898382869598
0.066066066066066,0.2406926797936388,0.1737273031470936,0.0669653766465452
0.067067067067067,0.2352058432494748,0.170404474359723,0.0648013688897518
0.068068068068068,0.2297190067053108,0.1671211168795676,0.06259788982574321
0.069069069069069,0.2242321701611468,0.1641635695699798,0.060068600591167004
0.07007007007007,0.2187453336169828,0.1610513357193792,0.0576939978976036
0.071071071071071,0.2132584970728189,0.1577802844208677,0.055478212651951214
0.072072072072072,0.2077716605286548,0.1545989913273002,0.053172669201354605
0.073073073073073,0.2022848239844908,0.1515200771968671,0.05076474678762369
0.074074074074074,0.1967979874403269,0.1487824214178554,0.048015566022471506
0.075075075075075,0.1913111508961629,0.1460250097542982,0.045286141141864716
0.076076076076076,0.1858243143519989,0.1434289517966005,0.042395362555398386
0.077077077077077,0.1803374778078349,0.1406577332075827,0.0396797446002522
0.078078078078078,0.1748506412636709,0.1380556809547046,0.036794960308966285
0.079079079079079,0.1693638047195069,0.1355958553283185,0.03376794939118841
0.08008008008008,0.1638769681753429,0.1329949149537043,0.03088205322163859
0.081081081081081,0.158390131631179,0.1305960544748079,0.027794077156371083
0.082082082082082,0.152903295087015,0.1280181480471145,0.024885147039900496
0.083083083083083,0.1474164585428509,0.125548346728387,0.02186811181446391
0.084084084084084,0.141929621998687,0.1231210514658024,0.018808570532884594
0.085085085085085,0.136442785454523,0.1205762235571286,0.01586656189739441
0.086086086086086,0.130955948910359,0.118415946439256,0.012540002471102998
0.087087087087087,0.125469112366195,0.1161046537093382,0.009364458656856811
0.088088088088088,0.119982275822031,0.1139331153069926,0.006049160515038399
0.0890890890890891,0.114495439277867,0.1118959828411318,0.0025994564367352035
0.09009009009009,0.109008602733703,0.1098901453848314,-0.0008815426511284002
0.091091091091091,0.1039493118942791,0.1079656814921125,-0.0040163695978334
0.0920920920920921,0.1008139767261854,0.1059243258100175,-0.005110349083832094
0.093093093093093,0.0976786415580917,0.103856166569896,-0.006177525011804311
0.0940940940940941,0.094543306389998,0.1018955180619057,-0.0073522116719076935
0.095095095095095,0.0914079712219043,0.0996497372712893,-0.008241766049384994
0.0960960960960961,0.0882726360538106,0.0974941008256299,-0.009221464771819302
0.0970970970970971,0.0851373008857169,0.0954037357822259,-0.010266434896508997
0.0980980980980981,0.0820019657176232,0.0934176681784312,-0.011415702460808003
0.0990990990990991,0.0788666305495295,0.0917484732446702,-0.0128818426951407
0.1001001001001,0.0757312953814358,0.089849221731393,-0.014117926349957191
0.1011011011011011,0.0725959602133421,0.0880911022461129,-0.015495142032770803
0.1021021021021021,0.0694606250452483,0.0867017172310244,-0.017241092185776102
0.1031031031031031,0.0663252898771547,0.0850069183284078,-0.018681628451253096
0.1041041041041041,0.0631899547090609,0.0835628291273682,-0.020372874418307305
0.1051051051051051,0.0600546195409672,0.0818112190380451,-0.0217565994970779
0.1061061061061061,0.0569192843728735,0.0802381893534702,-0.023318904980596696
0.1071071071071071,0.0537839492047798,0.078545548414582,-0.0247615992098022
0.1081081081081081,0.0506486140366861,0.0770069220028941,-0.026358307966207993
0.1091091091091091,0.0475132788685924,0.0757332104538986,-0.028219931585306196
0.1101101101101101,0.0443779437004987,0.0739693091833251,-0.029591365482826405
0.1111111111111111,0.041242608532405,0.0726712182564621,-0.031428609724057095
0.1121121121121121,0.0381072733643113,0.0713580568743424,-0.03325078351003109
0.1131131131131131,0.0349719381962175,0.0699029405586223,-0.034931002362404796
0.1141141141141141,0.0318366030281239,0.0683045189144767,-0.0364679158863528
0.1151151151151151,0.0287012678600301,0.0670399688553055,-0.0383387009952754
0.1161161161161161,0.0255659326919365,0.065678652390864,-0.0401127196989275
0.1171171171171171,0.0224305975238427,0.0644954127141913,-0.0420648151903486
0.1181181181181181,0.019295262355749,0.0632921219773378,-0.0439968596215888
0.1191191191191191,0.0161599271876553,0.0624276643039623,-0.046267737116307
0.1201201201201201,0.0130245920195616,0.0612107979529969,-0.0481862059334353
0.1211211211211211,0.0098892568514679,0.059859731857356,-0.049970475005888096
0.1221221221221221,0.0067539216833742,0.0587747596635657,-0.0520208379801915
0.1231231231231231,0.0036185865152805,0.057718255750181,-0.0540996692349005
0.1241241241241241,0.0004832513471867,0.0569096009358665,-0.0564263495886798
0.1251251251251251,-0.0026520838209069,0.0560111678582022,-0.058663251679109095
0.1261261261261261,-0.0057874189890005,0.0550338140046878,-0.0608212329936883
0.1271271271271271,-0.0089227541570943,0.0542962688087372,-0.0632190229658315
0.1281281281281281,-0.012058089325188,0.0530415898868382,-0.0650996792120262
0.1291291291291291,-0.0151934244932817,0.0519203168290848,-0.0671137413223665
0.1301301301301301,-0.0183287596613754,0.0507626171129855,-0.06909137677436089
0.1311311311311311,-0.021464094829469,0.0497340558138431,-0.0711981506433121
0.1321321321321321,-0.0245994299975628,0.0485271813068891,-0.0731266113044519
0.1331331331331331,-0.0277347651656565,0.0477456755071406,-0.0754804406727971
0.1341341341341341,-0.0308701003337502,0.0468071568942921,-0.0776772572280423
0.1351351351351351,-0.034005435501844,0.0456362451953291,-0.07964168069717309
0.1361361361361361,-0.0371407706699376,0.0445783951963343,-0.0817191658662719
0.1371371371371371,-0.0402761058380313,0.0438064379275313,-0.0840825437655626
0.1381381381381381,-0.043411441006125,0.0431539629978416,-0.08656540400396659
0.1391391391391391,-0.0465467761742188,0.0427456583668754,-0.0892924345410942
0.1401401401401401,-0.0496821113423125,0.0425286090948796,-0.0922107204371921
0.1411411411411411,-0.0528174465104062,0.04181523303573,-0.0946326795461362
0.1421421421421421,-0.0559527816784999,0.040834144239687,-0.09678692591818691
0.1431431431431431,-0.0590881168465936,0.0396426958005713,-0.0987308126471649
0.1441441441441441,-0.0622234520146873,0.0389539890097162,-0.1011774410244035
0.1451451451451451,-0.0653587871827811,0.0380618312770033,-0.1034206184597844
0.1461461461461461,-0.0684941223508748,0.0372659754082016,-0.10576009775907641
0.1471471471471471,-0.0716294575189684,0.0364456345089663,-0.1080750920279347
0.1481481481481481,-0.0747647926870621,0.0357350098904302,-0.1104998025774923
0.1491491491491491,-0.0779001278551559,0.0352792874152491,-0.11317941527040501
0.1501501501501501,-0.0810354630232496,0.0346501299642802,-0.1156855929875298
0.1511511511511511,-0.0841707981913433,0.0339695534978892,-0.1181403516892325
0.1521521521521521,-0.087306133359437,0.0331261413465779,-0.1204322747060149
0.1531531531531531,-0.0904414685275307,0.0321705881709886,-0.1226120566985193
0.1541541541541541,-0.0935768036956244,0.0314708404847602,-0.1250476441803846
0.1551551551551551,-0.0967121388637181,0.0308707871172486,-0.1275829259809667
0.1561561561561561,-0.0998474740318119,0.0306466768462009,-0.1304941508780128
0.1571571571571571,-0.1029828091999055,0.03009890406418,-0.1330817132640855
0.1581581581581581,-0.1061181443679992,0.0297320518951187,-0.1358501962631179
0.1591591591591591,-0.1092534795360929,0.0290753652443617,-0.1383288447804546
0.1601601601601601,-0.1123888147041866,0.0282937080380276,-0.1406825227422142
0.1611611611611611,-0.1155241498722804,0.0275706966390574,-0.1430948465113378
0.1621621621621621,-0.1186594850403741,0.026909249670225,-0.1455687347105991
0.1631631631631631,-0.1217948202084677,0.0268314986522948,-0.1486263188607625
0.1641641641641641,-0.1249301553765614,0.0261646416646632,-0.15109479704122458
0.1651651651651651,-0.1280654905446552,0.0258425789438199,-0.1539080694884751
0.1661661661661661,-0.1312008257127489,0.0251779148839103,-0.1563787405966592
0.1671671671671671,-0.1343361608808426,0.024892963850015,-0.1592291247308576
0.1681681681681681,-0.1374714960489363,0.0245039146321569,-0.1619754106810932
0.1691691691691691,-0.14060683121703,0.0240137240952204,-0.1646205553122504
0.1701701701701701,-0.1437421663851237,0.023555910564586,-0.1672980769497097
0.1711711711711711,-0.1468775015532175,0.0229837415519665,-0.169861243105184
0.1721721721721721,-0.1500128367213112,0.0226426786777219,-0.1726555153990331
0.1731731731731731,-0.1531481718894049,0.0221276106194047,-0.1752757825088096
0.1741741741741741,-0.1562835070574985,0.0214679083867126,-0.17775141544421108
0.1751751751751751,-0.1594188422255923,0.0208100821262236,-0.1802289243518159
0.1761761761761761,-0.162554177393686,0.0204549690435318,-0.1830091464372178
0.1771771771771771,-0.1656895125617797,0.0203880876423907,-0.18607760020417038
0.1781781781781782,-0.1688248477298734,0.0200383545514141,-0.1888632022812875
0.1791791791791791,-0.171960182897967,0.0196393883828722,-0.1915995712808392
0.1801801801801801,-0.1750955180660608,0.0193288666544135,-0.1944243847204743
0.1811811811811811,-0.1782308532341545,0.019228398751839,-0.1974592519859935
0.1821821821821821,-0.179637906148454,0.0189122707040494,-0.19855017685250342
0.1831831831831832,-0.1780204651186137,0.0184758739651571,-0.1964963390837708
0.1841841841841842,-0.1764030240887733,0.0183513956154618,-0.19475441970423513
0.1851851851851851,-0.174785583058933,0.0180936060050975,-0.19287918906403048
0.1861861861861861,-0.1731681420290927,0.0180622649932092,-0.1912304070223019
0.1871871871871872,-0.1715507009992523,0.017760735750352,-0.1893114367496043
0.1881881881881882,-0.169933259969412,0.0171830300745429,-0.1871162900439549
0.1891891891891892,-0.1683158189395716,0.0165873750381176,-0.1849031939776892
0.1901901901901901,-0.1666983779097313,0.0166072953882236,-0.18330567329795489
0.1911911911911911,-0.165080936879891,0.0166414048530209,-0.1817223417329119
0.1921921921921922,-0.1634634958500506,0.0162938576191225,-0.1797573534691731
0.1931931931931932,-0.1618460548202102,0.0159120437515994,-0.1777580985718096
0.1941941941941942,-0.1602286137903699,0.0159066749015493,-0.1761352886919192
0.1951951951951951,-0.1586111727605296,0.0153871943752313,-0.17399836713576092
0.1961961961961962,-0.1569937317306892,0.0149199472715214,-0.1719136790022106
0.1971971971971972,-0.1553762907008489,0.0147693679710946,-0.1701456586719435
0.1981981981981982,-0.1537588496710085,0.0144138140645528,-0.1681726637355613
0.1991991991991992,-0.1521414086411682,0.0141428924697787,-0.1662843011109469
0.2002002002002001,-0.1505239676113279,0.0138453479331338,-0.1643693155444617
0.2012012012012012,-0.1489065265814876,0.0136536786601594,-0.162560205241647
0.2022022022022022,-0.1472890855516472,0.0136797940196066,-0.16096887957125378
0.2032032032032032,-0.1456716445218068,0.0134417773395113,-0.1591134218613181
0.2042042042042042,-0.1440542034919665,0.0133189990397589,-0.15737320253172538
0.2052052052052052,-0.1424367624621261,0.0126591582022079,-0.155095920664334
0.2062062062062062,-0.1408193214322858,0.0124123642024125,-0.1532316856346983
0.2072072072072072,-0.1392018804024455,0.0120111299428245,-0.15121301034527
0.2082082082082082,-0.1375844393726051,0.0115422169761497,-0.1491266563487548
0.2092092092092092,-0.1359669983427648,0.0111502846633838,-0.1471172830061486
0.2102102102102102,-0.1343495573129244,0.010874605915894,-0.1452241632288184
0.2112112112112112,-0.1327321162830841,0.0108543446577285,-0.1435864609408126
0.2122122122122122,-0.1311146752532438,0.0103855548281679,-0.14150023008141172
0.2132132132132132,-0.1294972342234034,0.0101972195263421,-0.13969445374974548
0.2142142142142142,-0.1278797931935631,0.0099093475223048,-0.1377891407158679
0.2152152152152152,-0.1262623521637227,0.0096581964705586,-0.1359205486342813
0.2162162162162162,-0.1246449111338824,0.0096781007156475,-0.1343230118495299
0.2172172172172172,-0.1230274701040421,0.0096046107580019,-0.132632080862044
0.2182182182182182,-0.1214100290742017,0.0096925134378463,-0.131102542512048
0.2192192192192192,-0.1197925880443614,0.0094800907183128,-0.1292726787626742
0.2202202202202202,-0.118175147014521,0.0091632497955003,-0.1273383968100213
0.2212212212212212,-0.1165577059846807,0.0089468529348497,-0.12550455891953038
0.2222222222222222,-0.1149402649548404,0.0088278725544139,-0.1237681375092543
0.2232232232232232,-0.113322823925,0.0086979221767456,-0.1220207461017456
0.2242242242242242,-0.1117053828951597,0.0083179603667412,-0.1200233432619009
0.2252252252252252,-0.1100879418653193,0.00818032405801,-0.1182682659233293
0.2262262262262262,-0.1084705008354789,0.008072840250539,-0.11654334108601791
0.2272272272272272,-0.1068530598056387,0.0084256765078546,-0.1152787363134933
0.2282282282282282,-0.1052356187757983,0.0086436518273824,-0.1138792706031807
0.2292292292292292,-0.103618177745958,0.0083109814399155,-0.1119291591858735
0.2302302302302302,-0.1020007367161176,0.0080978255314778,-0.1100985622475954
0.2312312312312312,-0.1003832956862773,0.0076532137556312,-0.1080365094419085
0.2322322322322322,-0.098765854656437,0.0073916489783194,-0.1061575036347564
0.2332332332332332,-0.0971484136265966,0.0073164258039559,-0.1044648394305525
0.2342342342342342,-0.0955309725967562,0.0074208391220408,-0.102951811718797
0.2352352352352352,-0.0939135315669159,0.0071359224520611,-0.101049454018977
0.2362362362362362,-0.0922960905370755,0.0068713432798736,-0.0991674338169491
0.2372372372372372,-0.0906786495072352,0.0063127908619238,-0.096991440369159
0.2382382382382382,-0.0890612084773949,0.006162019185977,-0.0952232276633719
0.2392392392392392,-0.0874437674475546,0.0058339408557102,-0.09327770830326479
0.2402402402402402,-0.0858263264177142,0.0056187074345014,-0.0914450338522156
0.2412412412412412,-0.0842088853878738,0.0053379503982024,-0.0895468357860762
0.2422422422422422,-0.0825914443580335,0.0052191268103555,-0.087810571168389
0.2432432432432432,-0.0809740033281932,0.0047695019801953,-0.08574350530838849
0.2442442442442442,-0.0793565622983528,0.0043864911218751,-0.0837430534202279
0.2452452452452452,-0.0777391212685125,0.0047306305261148,-0.0824697517946273
0.2462462462462462,-0.0761216802386721,0.0043843080224216,-0.08050598826109369
0.2472472472472472,-0.0745042392088318,0.0040826359143371,-0.07858687512316889
0.2482482482482482,-0.0728867981789914,0.0043739397132358,-0.07726073789222719
0.2492492492492492,-0.0712693571491511,0.0048736334712226,-0.0761429906203737
0.2502502502502503,-0.0696519161193107,0.0045478276467854,-0.07419974376609609
0.2512512512512512,-0.0680344750894704,0.0043889468392932,-0.0724234219287636
0.2522522522522522,-0.0664170340596301,0.0043751440522195,-0.07079217811184961
0.2532532532532532,-0.0647995930297897,0.0046393058447841,-0.0694388988745738
0.2542542542542542,-0.0631821519999494,0.0043548666539273,-0.06753701865387671
0.2552552552552553,-0.061564710970109,0.0042242178489389,-0.0657889288190479
0.2562562562562562,-0.0599472699402687,0.0043007432326274,-0.0642480131728961
0.2572572572572572,-0.0583298289104284,0.0043072528084301,-0.0626370817188585
0.2582582582582582,-0.056712387880588,0.0041512937176271,-0.0608636815982151
0.2592592592592592,-0.0550949468507477,0.0040467700705279,-0.0591417169212756
0.2602602602602603,-0.0534775058209073,0.0036957405789896,-0.057173246399896904
0.2612612612612612,-0.051860064791067,0.0035788560393339,-0.0554389208304009
0.2622622622622622,-0.0502426237612267,0.0034585117450302,-0.0537011355062569
0.2632632632632632,-0.0486251827313863,0.0034402321642096,-0.0520654148955959
0.2642642642642642,-0.047007741701546,0.0032646377866366,-0.0502723794881826
0.2652652652652653,-0.0453903006717056,0.0032979101106646,-0.048688210782370206
0.2662662662662662,-0.0437728596418653,0.00343890321899,-0.0472117628608553
0.2672672672672672,-0.042155418612025,0.0034056273285887,-0.0455610459406137
0.2682682682682683,-0.0405379775821846,0.0034122792443945,-0.043950256826579104
0.2692692692692692,-0.0389205365523443,0.0033590266120614,-0.042279563164405704
0.2702702702702703,-0.0373030955225039,0.0032961463104215,-0.0405992418329254
0.2712712712712712,-0.0356856544926636,0.0030899704733592,-0.0387756249660228
0.2722722722722722,-0.0340682134628233,0.0030954735208021,-0.0371636869836254
0.2732732732732733,-0.0303673422137846,0.0030180345135972,-0.0333853767273818
0.2742742742742742,-0.0249302791154143,0.0033805750494992,-0.0283108541649135
0.2752752752752753,-0.0194932160170435,0.0036322603280121,-0.0231254763450556
0.2762762762762762,-0.0140561529186732,0.0036414934334621,-0.0176976463521353
0.2772772772772773,-0.0086190898203024,0.0034205428873828,-0.0120396327076852
0.2782782782782783,-0.0031820267219321,0.0031337888091292,-0.0063158155310613
0.2792792792792792,0.0022550363764381,0.003313576208877,-0.0010585398324388998
0.2802802802802803,0.0076920994748089,0.003304132510204,0.0043879669646048995
0.2812812812812812,0.0131291625731792,0.0033383880011758,0.0097907745720034
0.2822822822822823,0.01856622567155,0.0029266107946122,0.0156396148769378
0.2832832832832833,0.0240032887699203,0.0030574838791515,0.020945804890768797
0.2842842842842842,0.0294403518682906,0.003091208060635,0.0263491438076556
0.2852852852852853,0.0348774149666614,0.002811017274591,0.0320663976920704
0.2862862862862863,0.0403144780650317,0.0026639820974333,0.0376504959675984
0.2872872872872873,0.0457515411634025,0.002666895726707,0.0430846454366955
0.2882882882882883,0.0511886042617728,0.0026274624251986,0.048561141836574194
0.2892892892892892,0.0566256673601431,0.0025197709120718,0.0541058964480713
0.2902902902902903,0.0620627304585139,0.0024518702619619,0.059610860196552
0.2912912912912913,0.0674997935568842,0.0023555134903009,0.0651442800665833
0.2922922922922923,0.072936856655255,0.0023419499496906,0.0705949067055644
0.2932932932932933,0.0783739197536253,0.0025926903261719,0.0757812294274534
0.2942942942942942,0.0838109828519956,0.0020302971108057,0.0817806857411899
0.2952952952952953,0.0892480459503664,0.0019448626752804,0.08730318327508599
0.2962962962962963,0.0946851090487367,0.0019437832773751,0.0927413257713616
0.2972972972972973,0.1001221721471075,0.0019666443249072,0.0981555278222003
0.2982982982982983,0.1055592352454778,0.0018553618736142,0.10370387337186361
0.2992992992992992,0.1109962983438481,0.0014689244882235,0.1095273738556246
0.3003003003003003,0.1164333614422189,0.0015070838906432,0.1149262775515757
0.3013013013013013,0.1218704245405892,0.0018246798619851,0.1200457446786041
0.3023023023023023,0.12730748763896,0.0014834336842042,0.1258240539547558
0.3033033033033033,0.1327445507373303,0.0016285951841944,0.1311159555531359
0.3043043043043043,0.1381816138357008,0.0015323292032753,0.13664928463242548
0.3053053053053053,0.1436186769340714,0.0014913594554647,0.1421273174786067
0.3063063063063063,0.1490557400324417,0.0012526435128332,0.14780309651960852
0.3073073073073073,0.1544928031308124,0.0011622297852513,0.1533305733455611
0.3083083083083083,0.1599298662291828,0.0014007364200019,0.15852912980918088
0.3093093093093093,0.1653669293275533,0.0014911555668924,0.16387577376066093
0.3103103103103103,0.1708039924259239,0.0018100430648851,0.1689939493610388
0.3113113113113113,0.1762410555242942,0.0020118684148543,0.1742291871094399
0.3123123123123123,0.181678118622665,0.002062101764899,0.17961601685776601
0.3133133133133133,0.1871151817210353,0.0023726253043282,0.18474255641670712
0.3143143143143143,0.1925522448194058,0.0024160848207353,0.1901361599986705
0.3153153153153153,0.1979893079177764,0.0025366074456442,0.1954527004721322
0.3163163163163163,0.2034263710161467,0.0024297363420451,0.2009966346741016
0.3173173173173173,0.2088634341145175,0.0023975624314584,0.2064658716830591
0.3183183183183183,0.2143004972128878,0.0022130440971223,0.2120874531157655
0.3193193193193193,0.2197375603112583,0.002369720127817,0.2173678401834413
0.3203203203203203,0.2251746234096288,0.0020894509036458,0.223085172505983
0.3213213213213213,0.2306116865079992,0.0022069529890469,0.2284047335189523
0.3223223223223223,0.2360487496063699,0.0021274597929938,0.2339212898133761
0.3233233233233233,0.2414858127047403,0.0023221073758787,0.23916370532886158
0.3243243243243243,0.2469228758031108,0.0024289504354331,0.2444939253676777
0.3253253253253253,0.2523599389014813,0.0027479624804101,0.2496119764210712
0.3263263263263263,0.2577970019998516,0.002842808593776,0.2549541934060756
0.3273273273273273,0.2632340650982224,0.0024748547165659,0.2607592103816565
0.3283283283283283,0.2686711281965928,0.0024151094478795,0.2662560187487133
0.3293293293293293,0.2741081912949633,0.0021352508631262,0.27197294043183706
0.3303303303303303,0.2795452543933339,0.0019915089287618,0.27755374546457207
0.3313313313313313,0.2849823174917041,0.0022567665005546,0.2827255509911495
0.3323323323323323,0.2904193805900749,0.0023421433314998,0.2880772372585751
0.3333333333333333,0.2958564436884452,0.0021583610876263,0.2936980826008189
0.3343343343343343,0.3012935067868158,0.0019149997267657,0.29937850706005015
0.3353353353353353,0.3067305698851864,0.0018857046669093,0.3048448652182771
0.3363363363363363,0.3121676329835566,0.0016068395850053,0.3105607933985513
0.3373373373373373,0.3176046960819274,0.0014423893714921,0.31616230671043527
0.3383383383383383,0.3230417591802977,0.0014778452365858,0.3215639139437119
0.3393393393393393,0.3284788222786683,0.0016814665389404,0.3267973557397279
0.3403403403403403,0.3339158853770388,0.0017718555350259,0.3321440298420129
0.3413413413413413,0.3393529484754094,0.0012799612257122,0.3380729872496972
0.3423423423423423,0.3447900115737799,0.0013169284513923,0.3434730831223876
0.3433433433433433,0.3502270746721502,0.0013066903278085,0.3489203843443417
0.3443443443443443,0.3556641377705208,0.001365083693543,0.3542990540769778
0.3453453453453453,0.3611012008688913,0.0016630882373595,0.3594381126315318
0.3463463463463463,0.3665382639672619,0.0012188864792993,0.3653193774879626
0.3473473473473473,0.3719753270656324,0.0010777240149817,0.3708976030506507
0.3483483483483483,0.3774123901640027,0.0011758433817806,0.37623654678222207
0.3493493493493493,0.3828494532623733,0.0008371904007372,0.3820122628616361
0.3503503503503503,0.3882865163607438,0.0011169994489881,0.3871695169117557
0.3513513513513513,0.3937235794591144,0.0011698288935069,0.3925537505656075
0.3523523523523523,0.3991606425574849,0.0013174103315831,0.3978432322259018
0.3533533533533533,0.4045977056558552,0.0011784390137534,0.40341926664210176
0.3543543543543543,0.4100347687542258,0.0013192885989996,0.4087154801552262
0.3553553553553553,0.4154718318525963,0.0015084933656916,0.4139633384869047
0.3563563563563564,0.4209088949509669,0.0015268693124171,0.4193820256385498
0.3573573573573573,0.4263459580493374,0.0015452060520839,0.4248007519972535
0.3583583583583583,0.4317830211477077,0.0015703951044271,0.43021262604328064
0.3593593593593593,0.4372200842460783,0.0013681478306161,0.43585193641546216
0.3603603603603603,0.4426571473444488,0.0013129942258401,0.4413441531186087
0.3613613613613614,0.4480942104428194,0.0012578735926406,0.44683633685017876
0.3623623623623623,0.4535312735411899,0.0013110756537744,0.45222019788741546
0.3633633633633633,0.4589683366395602,0.0014866910014362,0.457481645638124
0.3643643643643643,0.4473397704179971,0.0012469338319079,0.4460928365860892
0.3653653653653653,0.4293115932014589,0.001198558376889,0.4281130348245699
0.3663663663663664,0.4112834159849192,0.0014727032740936,0.4098107127108256
0.3673673673673673,0.393255238768381,0.0012962606456169,0.3919589781227641
0.3683683683683684,0.3752270615518412,0.0011073737692928,0.3741196877825484
0.3693693693693693,0.357198884335303,0.0011271401255114,0.3560717442097916
0.3703703703703703,0.3391707071187648,0.0012750807041753,0.3378956264145895
0.3713713713713714,0.3211425299022251,0.0012534925353086,0.3198890373669165
0.3723723723723723,0.3031143526856868,0.001496079278854,0.30161827340683284
0.3733733733733734,0.2850861754691472,0.0016395957778127,0.2834465796913345
0.3743743743743744,0.267057998252609,0.0017774271740289,0.2652805710785801
0.3753753753753753,0.2490298210360707,0.0018550793895678,0.24717474164650288
0.3763763763763764,0.2310016438195311,0.0022863399628766,0.22871530385665448
0.3773773773773773,0.2129734666029928,0.002202455228052,0.2107710113749408
0.3783783783783784,0.1949452893864531,0.0017601090677057,0.1931851803187474
0.3793793793793794,0.1769171121699149,0.0020483233716635,0.1748687887982514
0.3803803803803803,0.1588889349533767,0.0019183373501588,0.15697059760321788
0.3813813813813814,0.1408607577368369,0.0019040144988751,0.1389567432379618
0.3823823823823823,0.1228325805202987,0.0021305344632513,0.1207020460570474
0.3833833833833834,0.1048044033037591,0.0017698678899743,0.10303453541378481
0.3843843843843844,0.0867762260872208,0.0014861473944671,0.08529007869275369
0.3853853853853853,0.0687480488706826,0.0011377433758299,0.0676103054948527
0.3863863863863864,0.0507198716541429,0.0009574530820196,0.049762418572123296
0.3873873873873873,0.0326916944376047,0.0010275402738259,0.0316641541637788
0.3883883883883884,0.014663517221065,0.0011132422695211,0.0135502749515439
0.3893893893893894,-0.0033646599954731,0.001147707144985,-0.0045123671404581
0.3903903903903903,-0.0213928372120114,0.0008433805127644,-0.0222362177247758
0.3913913913913914,-0.0394210144285511,0.0003651051868268,-0.0397861196153779
0.3923923923923924,-0.0574491916450893,0.0003691502535049,-0.0578183418985942
0.3933933933933934,-0.075477368861629,0.0002677883219425,-0.0757451571835715
0.3943943943943944,-0.0935055460781673,0.0003547431550133,-0.0938602892331806
0.3953953953953953,-0.1115337232947054,0.0004886319067837,-0.1120223552014891
0.3963963963963964,-0.1295619005112451,0.0005071583205159,-0.130069058831761
0.3973973973973974,-0.1475900777277834,0.0006498406638257,-0.1482399183916091
0.3983983983983984,-0.1656182549443231,0.0006835606718455,-0.1663018156161686
0.3993993993993994,-0.1836464321608613,0.0007768801756935,-0.1844233123365548
0.4004004004004003,-0.2016746093773995,0.0006212574993557,-0.20229586687675521
0.4014014014014014,-0.2197027865939392,0.0005736663182342,-0.22027645291217338
0.4024024024024024,-0.2377309638104774,0.0006023191287688,-0.2383332829392462
0.4034034034034034,-0.2557591410270171,0.0007553107714439,-0.256514451798461
0.4044044044044044,-0.2737873182435554,0.000662340645297,-0.2744496588888524
0.4054054054054054,-0.2918154954600951,0.0007542762192572,-0.29256977167935233
0.4064064064064064,-0.3098436726766332,0.0006869315470664,-0.3105306042236996
0.4074074074074074,-0.3278718498931715,0.0006505369062425,-0.328522386799414
0.4084084084084084,-0.3459000271097112,0.0008044255925396,-0.3467044527022508
0.4094094094094094,-0.3639282043262495,0.0003903517760023,-0.3643185561022518
0.4104104104104104,-0.3819563815427891,0.0001234884863172,-0.3820798700291063
0.4114114114114114,-0.3999845587593273,-0.0001755576277095,-0.3998090011316178
0.4124124124124124,-0.4180127359758656,-0.0006394607556272,-0.41737327522023837
0.4134134134134134,-0.4360409131924053,-0.0007632756393694,-0.4352776375530359
0.4144144144144144,-0.4540690904089435,-0.0005989466171808,-0.4534701437917627
0.4154154154154154,-0.4720972676254832,-0.0006447652916321,-0.4714525023338511
0.4164164164164164,-0.4901254448420215,-0.0005930945581373,-0.4895323502838842
0.4174174174174174,-0.5081536220585596,-0.0003639274033637,-0.507789694655196
0.4184184184184184,-0.5261817992750993,-9.130989567539671e-05,-0.5260904893794239
0.4194194194194194,-0.5442099764916375,-0.0001034415619144,-0.544106534929723
0.4204204204204204,-0.5622381537081773,0.0001694835296695,-0.5624076372378468
0.4214214214214214,-0.5802663309247156,0.0001847537551094,-0.580451084679825
0.4224224224224224,-0.5982945081412538,1.3646980677393077e-05,-0.5983081551219313
0.4234234234234234,-0.6163226853577934,-0.0001056076262042,-0.6162170777315893
0.4244244244244244,-0.6343508625743317,-0.0004000338477371,-0.6339508287265946
0.4254254254254254,-0.6523790397908713,-0.0005703478578761,-0.6518086919329952
0.4264264264264264,-0.6704072170074096,-0.0006313432046938,-0.6697758738027157
0.4274274274274274,-0.6884353942239478,-0.0004586435297196,-0.6879767506942283
0.4284284284284284,-0.7064635714404874,-0.0001055570435966,-0.7063580143968908
0.4294294294294294,-0.7244917486570257,-0.0003802935221524,-0.7241114551348733
0.4304304304304304,-0.7425199258735653,-0.0002945284533902,-0.7422253974201751
0.4314314314314314,-0.7605481030901036,-0.000497330563556,-0.7600507725265475
0.4324324324324324,-0.7785762803066434,-0.0003929836819132,-0.7781832966247302
0.4334334334334334,-0.7966044575231817,-0.0004118687035872,-0.7961925888195944
0.4344344344344344,-0.8146326347397197,-0.0007707042456407,-0.813861930494079
0.4354354354354354,-0.8326608119562595,-0.000570427697279,-0.8320903842589805
0.4364364364364364,-0.8506889891727978,-0.0006808678003156,-0.8500081213724822
0.4374374374374374,-0.8687171663893374,-0.0007750056021499,-0.8679421607871874
0.4384384384384384,-0.8867453436058756,-0.0009746584020874,-0.8857706852037882
0.4394394394394394,-0.904773520822414,-0.0010873957336671,-0.9036861250887469
0.4404404404404404,-0.9228016980389536,-0.000981370683179,-0.9218203273557746
0.4414414414414414,-0.9408298752554918,-0.0010008814404083,-0.9398289938150834
0.4424424424424424,-0.9588580524720314,-0.0009163419084578,-0.9579417105635736
0.4434434434434434,-0.9768862296885696,-0.0008267267357841,-0.9760595029527855
0.4444444444444444,-0.994914406905108,-0.0005468496916274,-0.9943675572134806
0.4454454454454454,-1.0129425841216475,-0.0006052358809791,-1.0123373482406683
0.4464464464464464,-1.0309707613381858,-0.0008895701735206,-1.0300811911646652
0.4474474474474474,-1.0489989385547256,-0.0006592549831491,-1.0483396835715766
0.4484484484484484,-1.067027115771264,-0.0007132745450863,-1.0663138412261777
0.4494494494494494,-1.085055292987802,-0.000476776971028,-1.0845785160167738
0.4504504504504504,-1.1030834702043415,-0.0003910972292134,-1.1026923729751281
0.4514514514514514,-1.12111164742088,-0.0004100277604798,-1.1207016196604003
0.4524524524524524,-1.1391398246374196,-0.0003325250571818,-1.1388072995802379
0.4534534534534534,-1.157168001853958,6.429452260790569e-05,-1.157232296376566
0.4544544544544544,-1.175196179070496,0.0004789025364286,-1.1756750816069246
0.4554554554554554,-1.1647213093043656,0.0004838252857215,-1.1652051345900871
0.4564564564564564,-1.151396134839968,0.0005068359290868,-1.1519029707690547
0.4574574574574575,-1.138070960375569,0.000712809008238,-1.138783769383807
0.4584584584584584,-1.1247457859111711,0.0005301602737618,-1.1252759461849329
0.4594594594594594,-1.1114206114467733,0.0005869138688503,-1.1120075253156236
0.4604604604604604,-1.0980954369823743,0.0005707462599884,-1.0986661832423628
0.4614614614614614,-1.0847702625179765,0.0006229036209457,-1.0853931661389222
0.4624624624624625,-1.0714450880535775,0.0004443992556954,-1.071889487309273
0.4634634634634634,-1.05811991358918,0.0001178462254659,-1.0582377598146457
0.4644644644644644,-1.044794739124782,-0.0002993721237894,-1.0444953670009927
0.4654654654654654,-1.031469564660383,-0.0005174669552423,-1.0309520977051407
0.4664664664664664,-1.0181443901959852,-0.0005996043591357,-1.0175447858368496
0.4674674674674675,-1.0048192157315865,-0.0006470738847021,-1.0041721418468843
0.4684684684684684,-0.9914940412671888,-0.000247123470648,-0.9912469177965407
0.4694694694694695,-0.9781688668027896,-2.1076031972530363e-05,-0.978147790770817
0.4704704704704704,-0.9648436923383918,-0.0002132922209913,-0.9646304001174005
0.4714714714714714,-0.951518517873994,-0.0001396870589462,-0.9513788308150478
0.4724724724724725,-0.9381933434095951,-0.0002185685871417,-0.9379747748224534
0.4734734734734734,-0.9248681689451974,-0.0002714056251428,-0.9245967633200546
0.4744744744744745,-0.9115429944807985,-0.0002292213692497,-0.9113137731115487
0.4754754754754755,-0.8982178200164006,-0.0001009710568511,-0.8981168489595495
0.4764764764764764,-0.8848926455520028,-0.0001670000075238,-0.884725645544479
0.4774774774774775,-0.8715674710876039,4.911032880907111e-05,-0.871616581416413
0.4784784784784784,-0.8582422966232061,-0.0001804255151641,-0.858061871108042
0.4794794794794795,-0.8449171221588072,-0.0001757779967862,-0.844741344162021
0.4804804804804805,-0.8315919476944094,0.0003475682161725,-0.8319395159105819
0.4814814814814814,-0.8182667732300115,0.0003857206700755,-0.818652493900087
0.4824824824824825,-0.8049415987656126,0.0006654279478415,-0.8056070267134541
0.4834834834834834,-0.7916164243012148,0.0006712902816484,-0.7922877145828632
0.4844844844844845,-0.778291249836816,0.0007749921770243,-0.7790662420138402
0.4854854854854855,-0.7649660753724181,0.0007491125745547,-0.7657151879469728
0.4864864864864864,-0.7516409009080203,0.000700969938223,-0.7523418708462433
0.4874874874874875,-0.7383157264436213,0.0005317918644868,-0.7388475183081081
0.4884884884884884,-0.7249905519792235,0.0006079805712496,-0.725598532550473
0.4894894894894895,-0.7116653775148247,0.0004261183235839,-0.7120914958384086
0.4904904904904905,-0.6983402030504269,0.000551389628625,-0.6988915926790519
0.4914914914914914,-0.685015028586029,0.0007583396279709,-0.6857733682139999
0.4924924924924925,-0.6716898541216301,0.00081751950962,-0.67250737363125
0.4934934934934935,-0.6583646796572323,0.0007449045432625,-0.6591095842004948
0.4944944944944945,-0.6450395051928334,0.0008218403333213,-0.6458613455261547
0.4954954954954955,-0.6317143307284355,0.0007446551065293,-0.6324589858349648
0.4964964964964965,-0.6183891562640367,0.0009180082892014,-0.6193071645532381
0.4974974974974975,-0.6050639817996388,0.0005341708767398,-0.6055981526763786
0.4984984984984985,-0.591738807335241,0.0004569799564105,-0.5921957872916515
0.4994994994994995,-0.5784136328708421,4.986212512550443e-05,-0.5784634949959676
0.5005005005005005,-0.5650884584064432,-0.0002503830121378,-0.5648380753943054
0.5015015015015015,-0.5517632839420454,2.7350858271725e-05,-0.5517906348003172
0.5025025025025025,-0.5384381094776476,0.0002060549307488,-0.5386441644083964
0.5035035035035035,-0.5251129350132497,5.81565007704986e-05,-0.5251710915140202
0.5045045045045045,-0.5117877605488519,-0.000243733962432,-0.5115440265864198
0.5055055055055055,-0.4984625860844519,-0.0008326693526271,-0.4976299167318248
0.5065065065065065,-0.4851374116200541,-0.0009258856713188,-0.4842115259487353
0.5075075075075075,-0.4718122371556563,-0.0004239810509165,-0.4713882561047398
0.5085085085085085,-0.4584870626912585,-0.0003289781602505,-0.458158084531008
0.5095095095095095,-0.4451618882268606,-0.0004348445843214,-0.4447270436425392
0.5105105105105106,-0.4318367137624607,-0.0003335930430156,-0.4315031207194451
0.5115115115115115,-0.4185115392980628,-0.0006398507452784,-0.4178716885527844
0.5125125125125125,-0.4051863648336651,-0.0006873938465597,-0.4044989709871054
0.5135135135135135,-0.3918611903692672,-0.000654607104675,-0.3912065832645922
0.5145145145145145,-0.3785360159048694,-0.0006595870666534,-0.377876428838216
0.5155155155155156,-0.3652108414404694,-0.0004889168680842,-0.36472192457238517
0.5165165165165165,-0.3518856669760716,-0.0004107639403003,-0.3514749030357713
0.5175175175175175,-0.3385604925116737,-0.0002692734533502,-0.3382912190583235
0.5185185185185185,-0.325235318047276,-0.0004020436228383,-0.3248332744244377
0.5195195195195195,-0.3119101435828781,-0.0002147726004546,-0.3116953709824235
0.5205205205205206,-0.2985849691184782,0.0001153624826778,-0.298700331601156
0.5215215215215215,-0.2852597946540803,-8.102178808107557e-05,-0.28517877286599924
0.5225225225225225,-0.2719346201896825,-0.0002572215169874,-0.2716773986726951
0.5235235235235235,-0.2586094457252846,1.501920335382793e-05,-0.25862446492863844
0.5245245245245245,-0.2452842712608869,-2.356913309625824e-05,-0.24526070212779064
0.5255255255255256,-0.2319590967964868,0.0002579175186153,-0.2322170143151021
0.5265265265265265,-0.2186339223320891,0.000164492319202,-0.21879841465129107
0.5275275275275275,-0.2053087478676912,0.0004527126444093,-0.2057614605121005
0.5285285285285285,-0.1919835734032934,0.0004705591646422,-0.1924541325679356
0.5295295295295295,-0.1786583989388955,0.0005134454871236,-0.1791718444260191
0.5305305305305306,-0.1653332244744956,0.0008170881696412,-0.16615031264413682
0.5315315315315315,-0.1520080500100977,0.0007293618118049,-0.15273741182190262
0.5325325325325325,-0.1386828755456999,0.0005272918049657,-0.1392101673506656
0.5335335335335335,-0.125357701081302,0.0004276157121115,-0.1257853167934135
0.5345345345345345,-0.1120325266169044,0.0005101660287252,-0.11254269264562959
0.5355355355355356,-0.0987073521525043,0.0001871479776277,-0.098894500130132
0.5365365365365365,-0.0853821776881065,0.0003112654661798,-0.0856934431542863
0.5375375375375375,-0.0720570032237086,0.0001975749480662,-0.0722545781717748
0.5385385385385385,-0.0587318287593108,0.0004236677155239,-0.0591554964748347
0.5395395395395395,-0.0454066542949131,-6.359678215208888e-05,-0.045343057512761006
0.5405405405405406,-0.0320814798305131,-0.0002198765689612,-0.0318616032615519
0.5415415415415415,-0.0187563053661152,-0.00055339067943,-0.018202914686685202
0.5425425425425425,-0.0054311309017174,-0.0007084398384554,-0.004722691063262
0.5435435435435435,0.0078940435626804,-0.0006455916610108,0.008539635223691201
0.5445445445445445,0.0212192180270782,-0.0006693842741897,0.0218886023012679
0.5455455455455456,0.0322427714476263,-0.0007075764085014,0.0329503478561277
0.5465465465465466,0.0202501144296683,-0.0007261960047384,0.0209763104344067
0.5475475475475475,0.0082574574117102,-0.00067187974262,0.0089293371543302
0.5485485485485485,-0.0037351996062477,-0.0008612080271898,-0.0028739915790579
0.5495495495495496,-0.0157278566242077,-0.00070357061498,-0.015024286009227701
0.5505505505505506,-0.0277205136421657,-0.0005577305159574,-0.0271627831262083
0.5515515515515516,-0.0397131706601238,-0.0004702024355075,-0.0392429682246163
0.5525525525525525,-0.0517058276780818,-0.0003499798688972,-0.051355847809184604
0.5535535535535535,-0.0636984846960398,-0.0002840836127776,-0.0634144010832622
0.5545545545545546,-0.0756911417139998,0.000128657886773,-0.0758197996007728
0.5555555555555556,-0.0876837987319579,0.0001088125194302,-0.0877926112513881
0.5565565565565566,-0.0996764557499159,4.5296901879319525e-05,-0.09972175265179523
0.5575575575575575,-0.111669112767874,-0.0001064076472827,-0.1115627051205913
0.5585585585585585,-0.123661769785832,-0.0003110743756478,-0.1233506954101842
0.5595595595595596,-0.135654426803792,-0.0005543930623421,-0.1351000337414499
0.5605605605605606,-0.14764708382175,-0.0007219495473882,-0.14692513427436182
0.5615615615615616,-0.1596397408397081,-0.0007225813925028,-0.1589171594472053
0.5625625625625625,-0.1716323978576661,-0.0006421252282178,-0.1709902726294483
0.5635635635635635,-0.1836250548756242,-0.0006198628930992,-0.183005191982525
0.5645645645645646,-0.1956177118935841,-0.0007615163825497,-0.1948561955110344
0.5655655655655656,-0.2076103689115422,-0.0005670399889717,-0.2070433289225705
0.5665665665665666,-0.2196030259295002,-0.0004083916974145,-0.2191946342320857
0.5675675675675675,-0.2315956829474582,-0.0004327062560373,-0.23116297669142089
0.5685685685685685,-0.2435883399654163,-0.0005553178484888,-0.24303302211692748
0.5695695695695696,-0.2555809969833763,-0.0004351242374813,-0.25514587274589495
0.5705705705705706,-0.2675736540013343,-0.0003893442609221,-0.26718430974041224
0.5715715715715716,-0.2795663110192923,-0.0006719692236689,-0.2788943417956234
0.5725725725725725,-0.2915589680372504,-0.000672996376073,-0.2908859716611774
0.5735735735735735,-0.3035516250552084,-0.0006079350123299,-0.30294369004287847
0.5745745745745746,-0.3155442820731684,-0.000776670609874,-0.3147676114632944
0.5755755755755756,-0.3275369390911264,-0.0007241209006698,-0.3268128181904566
0.5765765765765766,-0.3395295961090845,-0.001001817613814,-0.3385277784952705
0.5775775775775776,-0.3515222531270425,-0.000715554026105,-0.3508066991009375
0.5785785785785785,-0.3635149101450006,-0.0004523155628529,-0.3630625945821477
0.5795795795795796,-0.3755075671629605,-0.0004944000524034,-0.3750131671105571
0.5805805805805806,-0.3875002241809185,-0.0004123788650252,-0.3870878453158933
0.5815815815815816,-0.3994928811988766,-0.0008871240015309,-0.3986057571973457
0.5825825825825826,-0.4114855382168346,-0.0011020137898524,-0.41038352442698217
0.5835835835835835,-0.4234781952347927,-0.0011401933692894,-0.4223380018655033
0.5845845845845846,-0.4354708522527526,-0.0013334846895521,-0.43413736756320054
0.5855855855855856,-0.4474635092707107,-0.0011654930986213,-0.4462980161720894
0.5865865865865866,-0.4594561662886687,-0.000743810274946,-0.4587123560137227
0.5875875875875876,-0.4714488233066268,-0.000965441057518,-0.4704833822491088
0.5885885885885885,-0.4834414803245848,-0.0011150236804715,-0.4823264566441133
0.5895895895895896,-0.4954341373425447,-0.0010470082428367,-0.494387129099708
0.5905905905905906,-0.5074267943605029,-0.0007048574176023,-0.5067219369429006
0.5915915915915916,-0.5194194513784609,-0.0009363786654485,-0.5184830727130124
0.5925925925925926,-0.531412108396419,-0.0008689880540074,-0.5305431203424116
0.5935935935935935,-0.543404765414377,-0.0004880920071922,-0.5429166734071847
0.5945945945945946,-0.555397422432337,-0.0008096350802255,-0.5545877873521116
0.5955955955955956,-0.5673900794502951,-0.0010509451139019,-0.5663391343363932
0.5965965965965966,-0.5793827364682531,-0.0011160724743271,-0.578266663993926
0.5975975975975976,-0.5913753934862112,-0.0011993961131553,-0.5901759973730558
0.5985985985985985,-0.6033680505041692,-0.0010142546861717,-0.6023537958179975
0.5995995995995996,-0.6153607075221291,-0.0009468826168548,-0.6144138249052743
0.6006006006006006,-0.6273533645400872,-0.0012845001619564,-0.6260688643781308
0.6016016016016016,-0.6393460215580452,-0.0011572628509017,-0.6381887587071435
0.6026026026026026,-0.6513386785760032,-0.0012512167033901,-0.6500874618726131
0.6036036036036035,-0.6633313355939613,-0.000972643297258,-0.6623586922967033
0.6046046046046046,-0.6753239926119213,-0.0010800738687873,-0.674243918743134
0.6056056056056056,-0.6873166496298794,-0.0011873001779816,-0.6861293494518977
0.6066066066066066,-0.6993093066478374,-0.0010567335289829,-0.6982525731188545
0.6076076076076076,-0.7113019636657955,-0.0008842083404071,-0.7104177553253883
0.6086086086086087,-0.7232946206837544,-0.0007779421085272,-0.7225166785752272
0.6096096096096096,-0.7352872777017134,-0.001100832196379,-0.7341864455053344
0.6106106106106106,-0.7472799347196715,-0.0009725046997339,-0.7463074300199376
0.6116116116116116,-0.7592725917376295,-0.0011613633950542,-0.7581112283425753
0.6126126126126126,-0.7712652487555876,-0.0010925147400424,-0.7701727340155452
0.6136136136136137,-0.7832579057735466,-0.0013570895079276,-0.781900816265619
0.6146146146146146,-0.7952505627915055,-0.0012423244563746,-0.7940082383351309
0.6156156156156156,-0.8072432198094636,-0.0013805434061423,-0.8058626764033212
0.6166166166166166,-0.8192358768274216,-0.001611476681426,-0.8176244001459956
0.6176176176176176,-0.8312285338453796,-0.0014383951227442,-0.8297901387226354
0.6186186186186187,-0.8432211908633387,-0.0013630841391747,-0.841858106724164
0.6196196196196196,-0.8552138478812977,-0.0014604789010288,-0.8537533689802689
0.6206206206206206,-0.8672065048992558,-0.0011426053880155,-0.8660638995112403
0.6216216216216216,-0.8791991619172138,-0.0012094290011273,-0.8779897329160865
0.6226226226226226,-0.8911918189351719,-0.0011803546877716,-0.8900114642474003
0.6236236236236237,-0.9031844759531308,-0.0011044162226417,-0.9020800597304891
0.6246246246246246,-0.9151771329710898,-0.0012077934623776,-0.9139693395087122
0.6256256256256256,-0.927169789989048,-0.0010908561567012,-0.9260789338323467
0.6266266266266266,-0.939162447007006,-0.0011772273289758,-0.9379852196780302
0.6276276276276276,-0.951155104024964,-0.0012375940236825,-0.9499175100012814
0.6286286286286287,-0.963147761042923,-0.0009416189585774,-0.9622061420843456
0.6296296296296297,-0.975140418060882,-0.0011323128411278,-0.9740081052197542
0.6306306306306306,-0.98713307507884,-0.0015941495826889,-0.9855389254961511
0.6316316316316316,-0.999125732096798,-0.0012417894962784,-0.9978839426005196
0.6326326326326326,-1.0111183891147562,-0.0007081612344707,-1.0104102278802856
0.6336336336336337,-1.023111046132715,-0.0007760360249006,-1.0223350101078146
0.6346346346346347,-1.035103703150674,-0.0011492602469315,-1.0339544429037426
0.6356356356356356,-1.047096360168632,-0.001189899500128,-1.045906460668504
0.6366366366366366,-1.054888380637519,-0.0012249207279457,-1.0536634599095733
0.6376376376376376,-1.0514787036422175,-0.0012400070884149,-1.0502386965538026
0.6386386386386387,-1.0480690266469157,-0.0014396886772699,-1.0466293379696459
0.6396396396396397,-1.0446593496516134,-0.0012967024969787,-1.0433626471546347
0.6406406406406406,-1.0412496726563116,-0.001167415483601,-1.0400822571727106
0.6416416416416416,-1.0378399956610098,-0.0014447361331797,-1.03639525952783
0.6426426426426426,-1.034430318665708,-0.0012777043712297,-1.0331526142944782
0.6436436436436437,-1.031020641670406,-0.0008428316317032,-1.0301778100387027
0.6446446446446447,-1.027610964675104,-0.0007926232609859,-1.026818341414118
0.6456456456456456,-1.024201287679802,-0.0008453140913574,-1.0233559735884445
0.6466466466466466,-1.0207916106845003,-0.0008579148019428,-1.0199336958825576
0.6476476476476476,-1.0173819336891985,-0.0007186759665086,-1.01666325772269
0.6486486486486487,-1.0139722566938965,-0.00105169968421,-1.0129205570096864
0.6496496496496497,-1.0105625796985944,-0.000999095736369,-1.0095634839622254
0.6506506506506506,-1.0071529027032926,-0.0010585588009288,-1.0060943439023637
0.6516516516516516,-1.0037432257079908,-0.000668802531422,-1.0030744231765687
0.6526526526526526,-1.000333548712689,-0.0006911487349147,-0.9996423999777743
0.6536536536536537,-0.996923871717387,-0.0003442956597452,-0.9965795760576417
0.6546546546546547,-0.9935141947220848,-0.0005588178912369,-0.9929553768308479
0.6556556556556556,-0.9901045177267832,-0.0004307847193114,-0.9896737330074719
0.6566566566566566,-0.9866948407314812,-0.0003587743525777,-0.9863360663789035
0.6576576576576576,-0.9832851637361796,-0.0005260397973704,-0.9827591239388092
0.6586586586586587,-0.9798754867408774,-0.0004806750547286,-0.9793948116861488
0.6596596596596597,-0.9764658097455754,-0.0002289279828964,-0.976236881762679
0.6606606606606606,-0.9730561327502736,-0.0002894645097049,-0.9727666682405687
0.6616616616616616,-0.9696464557549718,-0.0006227755975062,-0.9690236801574655
0.6626626626626626,-0.96623677875967,-0.0006146303126414,-0.9656221484470285
0.6636636636636637,-0.962827101764368,-0.0007837867497044,-0.9620433150146637
0.6646646646646647,-0.959417424769066,-0.0008376472017125,-0.9585797775673535
0.6656656656656657,-0.956007747773764,-0.0008382962893628,-0.9551694514844011
0.6666666666666666,-0.9525980707784624,-0.0011640712502515,-0.9514339995282108
0.6676676676676676,-0.9491883937831604,-0.001465729338745,-0.9477226644444154
0.6686686686686687,-0.9457787167878584,-0.0013417739313043,-0.9444369428565541
0.6696696696696697,-0.9423690397925564,-0.00142129783221,-0.9409477419603464
0.6706706706706707,-0.9389593627972546,-0.0019081466047849,-0.9370512161924697
0.6716716716716716,-0.9355496858019527,-0.0017152909536503,-0.9338343948483024
0.6726726726726726,-0.9321400088066508,-0.0016286439452242,-0.9305113648614266
0.6736736736736737,-0.9287303318113488,-0.0017410657493931,-0.9269892660619556
0.6746746746746747,-0.9253206548160468,-0.0019720942637557,-0.9233485605522911
0.6756756756756757,-0.9219109778207448,-0.0017678382287594,-0.9201431395919855
0.6766766766766766,-0.9185013008254432,-0.0016647956965778,-0.9168365051288654
0.6776776776776777,-0.9150916238301412,-0.0011566252287227,-0.9139349986014185
0.6786786786786787,-0.9116819468348392,-0.0010508457781185,-0.9106311010567206
0.6796796796796797,-0.9082722698395372,-0.0009535506246707,-0.9073187192148665
0.6806806806806807,-0.9048625928442354,-0.0009691145578084,-0.9038934782864271
0.6816816816816816,-0.9014529158489336,-0.0007874493618085,-0.9006654664871251
0.6826826826826827,-0.8980432388536316,-0.0006475623251439,-0.8973956765284877
0.6836836836836837,-0.8946335618583298,-0.0003848412343684,-0.8942487206239613
0.6846846846846847,-0.8912238848630277,-0.0004820041009449,-0.8907418807620828
0.6856856856856857,-0.8878142078677259,-0.0005601473200825,-0.8872540605476434
0.6866866866866866,-0.8844045308724241,-0.0006455752083264,-0.8837589556640977
0.6876876876876877,-0.8809948538771221,-0.0004751682603841,-0.880519685616738
0.6886886886886887,-0.8775851768818203,-0.0001662959532894,-0.8774188809285308
0.6896896896896897,-0.8741754998865181,-0.0002550420486765,-0.8739204578378416
0.6906906906906907,-0.8707658228912164,-0.0003353062154051,-0.8704305166758113
0.6916916916916916,-0.8673561458959146,-0.000266149340938,-0.8670899965549765
0.6926926926926927,-0.8639464689006124,-0.0003103672416843,-0.8636361016589281
0.6936936936936937,-0.8605367919053107,-0.0001139543363596,-0.8604228375689511
0.6946946946946947,-0.8571271149100086,-0.0005626268253454,-0.8565644880846632
0.6956956956956957,-0.8537174379147068,-0.0007175982504447,-0.8529998396642621
0.6966966966966966,-0.8503077609194051,-0.0008608012529902,-0.8494469596664149
0.6976976976976977,-0.8468980839241029,-0.0013092186353924,-0.8455888652887106
0.6986986986986987,-0.8434884069288011,-0.0014776243504917,-0.8420107825783094
0.6996996996996997,-0.8400787299334991,-0.0016331705255852,-0.8384455594079139
0.7007007007007007,-0.8366690529381973,-0.0016428508797191,-0.8350262020584782
0.7017017017017017,-0.8332593759428955,-0.0013892727844601,-0.8318701031584353
0.7027027027027027,-0.8298496989475934,-0.0014123200812957,-0.8284373788662978
0.7037037037037037,-0.8264400219522916,-0.0015922437431892,-0.8248477782091024
0.7047047047047047,-0.8230303449569896,-0.0015738315627609,-0.8214565133942286
0.7057057057057057,-0.8196206679616878,-0.0013343170676424,-0.8182863508940453
0.7067067067067067,-0.8162109909663859,-0.001504719359793,-0.8147062716065929
0.7077077077077077,-0.8128013139710839,-0.0016588410219363,-0.8111424729491477
0.7087087087087087,-0.8093916369757821,-0.001515957894865,-0.8078756790809171
0.7097097097097097,-0.8059819599804801,-0.0015319234180293,-0.8044500365624507
0.7107107107107107,-0.8025722829851782,-0.0013736118500834,-0.8011986711350948
0.7117117117117117,-0.7991626059898764,-0.0013506232942489,-0.7978119826956275
0.7127127127127127,-0.7957529289945744,-0.0011848599019091,-0.7945680690926653
0.7137137137137137,-0.7923432519992726,-0.0013698964491328,-0.7909733555501398
0.7147147147147147,-0.7889335750039705,-0.0013466647226015,-0.7875869102813691
0.7157157157157157,-0.7855238980086687,-0.0013636288397133,-0.7841602691689554
0.7167167167167167,-0.7821142210133669,-0.0015815167300134,-0.7805327042833535
0.7177177177177178,-0.7787045440180649,-0.0018649116986856,-0.7768396323193792
0.7187187187187187,-0.7752948670227631,-0.0016927044528577,-0.7736021625699053
0.7197197197197197,-0.771885190027461,-0.0017312695894999,-0.7701539204379612
0.7207207207207207,-0.7684755130321592,-0.0019035125804392,-0.76657200045172
0.7217217217217217,-0.7650658360368574,-0.0018871246762976,-0.7631787113605598
0.7227227227227228,-0.7616561590415554,-0.0016259589893522,-0.7600302000522031
0.7237237237237237,-0.7582464820462536,-0.0020521173594169,-0.7561943646868367
0.7247247247247247,-0.7548368050509514,-0.0023133191791974,-0.752523485871754
0.7257257257257257,-0.7514271280556497,-0.0024547647247886,-0.7489723633308611
0.7267267267267267,-0.7480174510603479,-0.0021162713747249,-0.745901179685623
0.7277277277277278,-0.7479568820855095,-0.0020200705856723,-0.7459368114998371
0.7287287287287287,-0.7519152427352277,-0.0018286280452909,-0.7500866146899368
0.7297297297297297,-0.7558736033849458,-0.0020226477430679,-0.7538509556418779
0.7307307307307307,-0.759831964034664,-0.0022089053173742,-0.7576230587172899
0.7317317317317317,-0.7637903246843822,-0.0020778915484487,-0.7617124331359335
0.7327327327327328,-0.767748685334101,-0.0020273168528946,-0.7657213684812064
0.7337337337337337,-0.7717070459838192,-0.0018794980711656,-0.7698275479126536
0.7347347347347347,-0.7756654066335373,-0.0018818765621197,-0.7737835300714176
0.7357357357357357,-0.7796237672832556,-0.0017909543165623,-0.7778328129666933
0.7367367367367368,-0.7835821279329743,-0.0017257635317248,-0.7818563644012495
0.7377377377377378,-0.7875404885826925,-0.0015377397186009,-0.7860027488640916
0.7387387387387387,-0.7914988492324108,-0.0013473825865225,-0.7901514666458883
0.7397397397397397,-0.7954572098821289,-0.0016464517762757,-0.7938107581058532
0.7407407407407407,-0.7994155705318471,-0.0020655258638555,-0.7973500446679915
0.7417417417417418,-0.8033739311815659,-0.0018262996171848,-0.801547631564381
0.7427427427427428,-0.8073322918312841,-0.0015543196686553,-0.8057779721626288
0.7437437437437437,-0.8112906524810022,-0.0017295442323,-0.8095611082487022
0.7447447447447447,-0.8152490131307204,-0.0020694982339402,-0.8131795148967802
0.7457457457457457,-0.8192073737804386,-0.0020109204434881,-0.8171964533369506
0.7467467467467468,-0.8231657344301574,-0.0017869123038376,-0.8213788221263197
0.7477477477477478,-0.8271240950798756,-0.0013935738941784,-0.8257305211856972
0.7487487487487487,-0.8310824557295937,-0.0012641165847451,-0.8298183391448486
0.7497497497497497,-0.8350408163793119,-0.0013148639755977,-0.8337259524037143
0.7507507507507507,-0.8389991770290302,-0.0014690483024329,-0.8375301287265973
0.7517517517517518,-0.8429575376787489,-0.0014392480740635,-0.8415182896046854
0.7527527527527528,-0.8469158983284671,-0.0014722112543744,-0.8454436870740928
0.7537537537537538,-0.8508742589781852,-0.0016478611491011,-0.8492263978290842
0.7547547547547547,-0.8548326196279035,-0.0012068439402695,-0.853625775687634
0.7557557557557557,-0.8587909802776217,-0.000826854923006,-0.8579641253546156
0.7567567567567568,-0.8627493409273405,-0.0005839350325141,-0.8621654058948264
0.7577577577577578,-0.8667077015770586,-0.0007573553831856,-0.865950346193873
0.7587587587587588,-0.8706660622267768,-0.0005719989936415,-0.8700940632331353
0.7597597597597597,-0.874624422876495,-0.0004332350753629,-0.8741911878011321
0.7607607607607607,-0.8785827835262131,-0.0003365251003241,-0.878246258425889
0.7617617617617618,-0.882541144175932,-8.00404888976258e-05,-0.8824611036870343
0.7627627627627628,-0.8864995048256501,4.865968553029022e-05,-0.8865481645111803
0.7637637637637638,-0.8904578654753683,0.0001958995395242,-0.8906537650148925
0.7647647647647647,-0.8944162261250865,0.0003197401196881,-0.8947359662447746
0.7657657657657657,-0.8983745867748046,0.000381979548899,-0.8987565663237036
0.7667667667667668,-0.9023329474245236,1.7747742116847444e-05,-0.9023506951666405
0.7677677677677678,-0.9062913080742416,3.415637512844202e-05,-0.9063254644493701
0.7687687687687688,-0.9102496687239598,-7.783293864850011e-05,-0.9101718357853114
0.7697697697697697,-0.914208029373678,-0.0003325999461665,-0.9138754294275114
0.7707707707707707,-0.9181663900233962,1.032795466023701e-05,-0.9181767179780564
0.7717717717717718,-0.922124750673115,0.0003562797788712,-0.9224810304519862
0.7727727727727728,-0.9260831113228332,0.0006217247374182,-0.9267048360602513
0.7737737737737738,-0.9300414719725514,0.0006611768254997,-0.9307026487980511
0.7747747747747747,-0.9339998326222696,0.0009191918224608,-0.9349190244447304
0.7757757757757757,-0.9379581932719876,0.0009043931624192,-0.9388625864344068
0.7767767767767768,-0.9419165539217064,0.0009280586110139,-0.9428446125327202
0.7777777777777778,-0.9458749145714248,0.0006917676854283,-0.9465666822568531
0.7787787787787788,-0.9498332752211428,0.0007582921928126,-0.9505915674139555
0.7797797797797797,-0.953791635870861,0.0007561825765281,-0.9545478184473891
0.7807807807807807,-0.9577499965205792,0.0004812319729054,-0.9582312284934846
0.7817817817817818,-0.961708357170298,0.0004619713147208,-0.9621703284850188
0.7827827827827828,-0.9656667178200162,0.0004373591064463,-0.9661040769264625
0.7837837837837838,-0.9696250784697344,0.0007890417376305,-0.970414120207365
0.7847847847847848,-0.9735834391194526,0.0009532887538238,-0.9745367278732764
0.7857857857857857,-0.9775417997691708,0.0009377299646189,-0.9784795297337897
0.7867867867867868,-0.9815001604188895,0.000969978401105,-0.9824701388199946
0.7877877877877878,-0.9854585210686078,0.0009606670488677,-0.9864191881174754
0.7887887887887888,-0.989416881718326,0.0009020553027767,-0.9903189370211026
0.7897897897897898,-0.993375242368044,0.000668462330338,-0.994043704698382
0.7907907907907907,-0.9973336030177622,0.0006257048717229,-0.9979593078894851
0.7917917917917918,-1.001291963667481,0.0004646196349731,-1.0017565833024542
0.7927927927927928,-1.0052503243171993,0.0002056062907963,-1.0054559306079955
0.7937937937937938,-1.0092086849669175,0.0003041030578869,-1.0095127880248045
0.7947947947947948,-1.0131670456166355,0.0003767400435392,-1.0135437856601748
0.7957957957957957,-1.0171254062663535,1.1986449369227664e-05,-1.0171373927157228
0.7967967967967968,-1.0210837669160726,-1.2799483827248125e-05,-1.0210709674322453
0.7977977977977978,-1.0250421275657908,0.0001867798011087,-1.0252289073668994
0.7987987987987988,-1.0290004882155088,0.0003953391859542,-1.029395827401463
0.7997997997997998,-1.0329588488652273,0.0005933092688262,-1.0335521581340534
0.8008008008008007,-1.0369172095149453,0.0005899900863469,-1.0375071996012921
0.8018018018018018,-1.040875570164664,0.0004097643793405,-1.0412853345440045
0.8028028028028028,-1.0448339308143824,0.0001851348894284,-1.0450190657038108
0.8038038038038038,-1.0487922914641006,0.0002506582413001,-1.0490429497054006
0.8048048048048048,-1.0527506521138186,0.0003218966475378,-1.0530725487613564
0.8058058058058059,-1.0567090127635377,0.0005735931342932,-1.0572826058978309
0.8068068068068068,-1.0606673734132557,0.0007830688474538,-1.0614504422607094
0.8078078078078078,-1.064625734062974,0.0007419338140914,-1.0653676678770654
0.8088088088088088,-1.068584094712692,0.0004789509646446,-1.0690630456773365
0.8098098098098098,-1.07254245536241,0.000406097485377,-1.0729485528477871
0.8108108108108109,-1.076500816012129,0.00044198310831,-1.076942799120439
0.8118118118118118,-1.0804591766618472,0.000393249944234,-1.0808524266060813
0.8128128128128128,-1.0844175373115652,0.0002701918903487,-1.084687729201914
0.8138138138138138,-1.0883758979612836,0.0003157601841312,-1.088691658145415
0.8148148148148148,-1.0923342586110016,0.0002089551881213,-1.092543213799123
0.8158158158158159,-1.0962926192607203,7.930358236404384e-05,-1.0963719228430844
0.8168168168168168,-1.1002509799104387,0.0001401715561672,-1.100391151466606
0.8178178178178178,-1.104209340560157,5.706787280013756e-05,-1.1042664084329572
0.8188188188188188,-1.0894169610636848,0.0001048690342137,-1.0895218300978986
0.8198198198198198,-1.063909872912245,0.0001576008796062,-1.0640674737918512
0.8208208208208209,-1.0384027847608008,-7.346408396432467e-05,-1.0383293206768365
0.8218218218218218,-1.012895696609361,-0.0001684330509354,-1.0127272635584255
0.8228228228228228,-0.9873886084579212,0.0001225640602673,-0.9875111725181885
0.8238238238238238,-0.9618815203064812,-0.0001123794818363,-0.9617691408246449
0.8248248248248248,-0.9363744321550412,-0.0005340298397533,-0.935840402315288
0.8258258258258259,-0.9108673440035971,-0.0008967719950244,-0.9099705720085728
0.8268268268268268,-0.8853602558521573,-0.0008741522761039,-0.8844861035760534
0.8278278278278278,-0.8598531677007174,-0.0008515942794211,-0.8590015734212963
0.8288288288288288,-0.8343460795492774,-0.0008591940394105,-0.8334868855098669
0.8298298298298298,-0.8088389913978375,-0.0006000247315634,-0.8082389666662742
0.8308308308308309,-0.7833319032463936,-0.0011238913599933,-0.7822080118864003
0.8318318318318318,-0.7578248150949536,-0.0010235806461259,-0.7568012344488276
0.8328328328328328,-0.7323177269435137,-0.0006918140334956,-0.7316259129100181
0.8338338338338338,-0.7068106387920738,-0.0009046418692951,-0.7059059969227788
0.8348348348348348,-0.681303550640634,-0.000963739945159,-0.680339810695475
0.8358358358358359,-0.6557964624891899,-0.0010964231925497,-0.6547000392966402
0.8368368368368369,-0.63028937433775,-0.0012549411138062,-0.6290344332239438
0.8378378378378378,-0.60478228618631,-0.0012967602754274,-0.6034855259108827
0.8388388388388388,-0.5792751980348702,-0.0009866958221204,-0.5782885022127497
0.8398398398398398,-0.5537681098834303,-0.0006003749318165,-0.5531677349516138
0.8408408408408409,-0.5282610217319862,-0.0006563881143057,-0.5276046336176805
0.8418418418418419,-0.5027539335805463,-0.0002627039232032,-0.5024912296573432
0.8428428428428428,-0.4772468454291064,-0.0002506624194868,-0.4769961830096196
0.8438438438438438,-0.4517397572776664,0.000105120485958,-0.4518448777636244
0.8448448448448448,-0.4262326691262266,8.44737145502192e-05,-0.4263171428407768
0.8458458458458459,-0.4007255809747825,0.0001091297617468,-0.4008347107365293
0.8468468468468469,-0.3752184928233426,0.0001802543882678,-0.3753987472116104
0.8478478478478478,-0.3497114046719027,0.0008132862987821,-0.3505246909706848
0.8488488488488488,-0.3242043165204628,0.0009684851948479,-0.32517280171531066
0.8498498498498498,-0.2986972283690229,0.000808755975203,-0.29950598434422593
0.8508508508508509,-0.2731901402175789,0.0009876057259121,-0.27417774594349104
0.8518518518518519,-0.2476830520661389,0.0008966740317303,-0.24857972609786919
0.8528528528528528,-0.222175963914699,0.0007818358796233,-0.2229577997943223
0.8538538538538538,-0.1966688757632592,0.0009490983110343,-0.1976179740742935
0.8548548548548548,-0.1711617876118192,0.0009375499488495,-0.1720993375606687
0.8558558558558559,-0.1456546994603752,0.0009757654407268,-0.14663046490110201
0.8568568568568569,-0.1201476113089353,0.0009602942444347,-0.12110790555336999
0.8578578578578578,-0.0946405231574953,0.0010096969087526,-0.0956502200662479
0.8588588588588588,-0.0691334350060555,0.0010758687650695,-0.070209303771125
0.8598598598598598,-0.0436263468546156,0.0006679421392733,-0.044294288993888896
0.8608608608608609,-0.0181192587031715,0.0007888830189878,-0.0189081417221593
0.8618618618618619,0.0073878294482683,0.0005775108353199,0.0068103186129484005
0.8628628628628628,0.0328949175997081,0.0002779484682986,0.0326169691314095
0.8638638638638638,0.058402005751148,0.0002610499881904,0.0581409557629576
0.8648648648648649,0.0839090939025921,0.0002729748856147,0.0836361190169774
0.8658658658658659,0.109416182054032,0.0001290234047161,0.1092871586493159
0.8668668668668669,0.1349232702054721,0.0002929802078714,0.13463028999760068
0.8678678678678678,0.160430358356912,1.879046672136016e-05,0.16041156789019065
0.8688688688688688,0.1859374465083518,-6.303160151944764e-05,0.18600047810987125
0.8698698698698699,0.2114445346597959,-0.000178943264498,0.2116234779242939
0.8708708708708709,0.2369516228112358,-0.0001849193634122,0.237136542174648
0.8718718718718719,0.2624587109626757,-0.0001256280944355,0.2625843390571112
0.8728728728728729,0.2879657991141156,-0.0003250561002106,0.2882908552143262
0.8738738738738738,0.3134728872655554,-0.0001739679434612,0.3136468552090166
0.8748748748748749,0.3389799754169995,-0.000158097336806,0.3391380727538055
0.8758758758758759,0.3644870635684394,-0.000533905009973,0.36502096857841243
0.8768768768768769,0.3899941517198793,-0.0009160181287173,0.39091016984859656
0.8778778778778779,0.4155012398713193,-0.0009013321712879,0.4164025720426072
0.8788788788788788,0.4410083280227592,-0.0009286925822401,0.4419370206049993
0.8798798798798799,0.4665154161742031,-0.0009320077003741,0.4674474238745772
0.8808808808808809,0.4920225043256432,-0.0009201581094467,0.4929426624350899
0.8818818818818819,0.5175295924770831,-0.0008577711816504,0.5183873636587335
0.8828828828828829,0.543036680628523,-0.000651989921792,0.543688670550315
0.8838838838838838,0.5685437687799628,-0.0008622249459462,0.569405993725909
0.8848848848848849,0.5940508569314069,-0.0010807088792542,0.5951315658106611
0.8858858858858859,0.6195579450828468,-0.0012793564460915,0.6208373015289382
0.8868868868868869,0.6450650332342867,-0.0011975595414718,0.6462625927757585
0.8878878878878879,0.6705721213857265,-0.0009258967300255,0.671498018115752
0.8888888888888888,0.6960792095371664,-0.00099491371446,0.6970741232516264
0.8898898898898899,0.7215862976886105,-0.001477124935451,0.7230634226240615
0.8908908908908909,0.7470933858400504,-0.0017906057366329,0.7488839915766833
0.8918918918918919,0.7726004739914905,-0.0019238510700261,0.7745243250615166
0.8928928928928929,0.7981075621429303,-0.0019994847236625,0.8001070468665928
0.8938938938938938,0.8236146502943702,-0.0020438042001095,0.8256584544944797
0.8948948948948949,0.8491217384458143,-0.0019978103684814,0.8511195488142956
0.8958958958958959,0.8746288265972542,-0.0020228133898484,0.8766516399871026
0.8968968968968969,0.900135914748694,-0.0017748585559779,0.901910773304672
0.8978978978978979,0.925643002900134,-0.0018769634338861,0.9275199663340201
0.8988988988988988,0.9511500910515738,-0.0020144538436561,0.9531645448952298
0.8998998998998999,0.976657179203018,-0.0018808625622802,0.9785380417652981
0.9009009009009008,1.002164267354458,-0.0021530795832516,1.0043173469377096
0.901901901901902,1.0276713555058976,-0.0020347471799409,1.0297061026858385
0.9029029029029028,1.0531784436573377,-0.0019761157200935,1.0551545593774312
0.9039039039039038,1.0786855318087774,-0.0019686313081877,1.080654163116965
0.9049049049049048,1.1041926199602214,-0.001613795829987,1.1058064157902086
0.905905905905906,1.1296997081116615,-0.001708143834991,1.1314078519466526
0.9069069069069068,1.1552067962631012,-0.0012636870284592,1.1564704832915604
0.907907907907908,1.1807138844145413,-0.0012851561268722,1.1819990405414136
0.9089089089089089,1.2062209725659814,-0.001516750746775,1.2077377233127564
0.90990990990991,1.2106750988256665,-0.0014743519350893,1.2121494507607558
0.9109109109109108,1.2104507891094032,-0.0016622094525614,1.2121129985619645
0.911911911911912,1.21022647939314,-0.0017815865369067,1.2120080659300467
0.9129129129129128,1.2100021696768766,-0.0016687404884406,1.2116709101653171
0.913913913913914,1.209777859960613,-0.0015262659636499,1.211304125924263
0.914914914914915,1.2095535502443495,-0.0016222449934225,1.211175795237772
0.915915915915916,1.2093292405280864,-0.0013941900264593,1.2107234305545458
0.9169169169169168,1.2091049308118231,-0.0011363507724632,1.2102412815842862
0.917917917917918,1.2088806210955598,-0.0008275248999496,1.2097081459955095
0.9189189189189187,1.2086563113792963,-0.0007060409680441,1.2093623523473405
0.91991991991992,1.208432001663033,-0.0004198617709029,1.2088518634339358
0.9209209209209208,1.2082076919467697,-0.0007885361530762,1.2089962280998459
0.921921921921922,1.2079833822305064,-0.000837415903544,1.2088207981340504
0.9229229229229228,1.207759072514243,-0.0009953100602785,1.2087543825745215
0.923923923923924,1.2075347627979798,-0.0009528040088536,1.2084875668068333
0.924924924924925,1.2073104530817165,-0.0010493671653051,1.2083598202470216
0.925925925925926,1.207086143365453,-0.0010629827783506,1.2081491261438035
0.9269269269269268,1.2068618336491896,-0.0006662668203256,1.2075281004695153
0.927927927927928,1.2066375239329263,-0.0006877690256177,1.207325292958544
0.9289289289289288,1.206413214216663,-0.0005920493638399,1.2070052635805029
0.92992992992993,1.2061889045003995,-0.0006274637074045,1.206816368207804
0.9309309309309308,1.2059645947841362,-0.0006005567417023,1.2065651515258384
0.931931931931932,1.205740285067873,-0.0005881068790966,1.2063283919469694
0.9329329329329328,1.2055159753516096,-0.0004873401108982,1.2060033154625078
0.933933933933934,1.2052916656353465,-0.0002449199490013,1.2055365855843478
0.934934934934935,1.205067355919083,8.947474316255437e-05,1.2049778811759204
0.935935935935936,1.2048430462028197,0.0001497853463282,1.2046932608564915
0.9369369369369368,1.2046187364865562,0.0002650080460218,1.2043537284405343
0.937937937937938,1.2043944267702928,2.9642510673396665e-05,1.2043647842596195
0.938938938938939,1.2041701170540295,1.14945183209221e-05,1.2041586225357086
0.93993993993994,1.2039458073377662,0.0001995254245527,1.2037462819132136
0.9409409409409408,1.203721497621503,0.0003691564399798,1.2033523411815232
0.941941941941942,1.2034971879052394,0.0004046083598307,1.2030925795454086
0.9429429429429428,1.203272878188976,0.000574488385855,1.2026983898031212
0.943943943943944,1.2030485684727128,0.0006619827827612,1.2023865856899516
0.944944944944945,1.2028242587564495,0.0008898888219057,1.2019343699345437
0.945945945945946,1.2025999490401862,0.0009311555675063,1.20166879347268
0.9469469469469468,1.2023756393239229,0.0008425089652331,1.2015331303586898
0.947947947947948,1.2021513296076594,0.000893968616244,1.2012573609914154
0.948948948948949,1.201927019891396,0.0002905236264915,1.2016364962649047
0.94994994994995,1.2017027101751327,0.0003617374224957,1.201340972752637
0.950950950950951,1.2014784004588694,-0.0003754490267144,1.201853849485584
0.951951951951952,1.201254090742606,-0.0007134565272884,1.2019675472698943
0.9529529529529528,1.2010297810263426,-0.000609653011838,1.2016394340381806
0.953953953953954,1.2008054713100793,-0.0005026358948399,1.2013081072049192
0.954954954954955,1.200581161593816,-0.0007259425984261,1.201307104192242
0.955955955955956,1.2003568518775527,-0.0008549124191351,1.2012117642966877
0.9569569569569568,1.2001325421612894,-0.0005645217504225,1.2006970639117118
0.957957957957958,1.199908232445026,-0.0006508541067193,1.2005590865517455
0.958958958958959,1.1996839227287626,-0.0001896338796326,1.1998735566083951
0.95995995995996,1.1994596130124993,-0.0001864673727537,1.1996460803852529
0.960960960960961,1.199235303296236,-0.0001012868788821,1.199336590175118
0.961961961961962,1.1990109935799729,0.0002243082788296,1.1987866853011433
0.9629629629629628,1.1987866838637091,0.0002463397996766,1.1985403440640325
0.963963963963964,1.1985623741474458,4.105766357735601e-05,1.1985213164838684
0.964964964964965,1.1983380644311823,1.83214080726336e-05,1.1983197430231096
0.965965965965966,1.1981137547149192,1.084906633452145e-05,1.1981029056485848
0.9669669669669668,1.197889444998656,-0.000262575632564,1.19815202063122
0.967967967967968,1.1976651352823926,-0.0003088765807826,1.1979740118631752
0.968968968968969,1.197440825566129,-0.0004516799255928,1.1978925054917218
0.96996996996997,1.1972165158498658,-0.0002581656884149,1.1974746815382806
0.970970970970971,1.1969922061336025,-0.0002464022760401,1.1972386084096425
0.971971971971972,1.1967678964173392,-0.0002984042012805,1.1970663006186197
0.9729729729729728,1.196543586701076,-0.0003140742775636,1.1968576609786397
0.973973973973974,1.1963192769848126,-0.0002635242178338,1.1965828012026463
0.974974974974975,1.196094967268549,-0.0001351034457917,1.1962300707143407
0.975975975975976,1.1958706575522855,-0.0003327162452651,1.1962033737975506
0.9769769769769768,1.1956463478360224,-0.0005350122432185,1.1961813600792408
0.977977977977978,1.1954220381197591,-0.0003038372306516,1.1957258753504107
0.978978978978979,1.1951977284034958,-0.0003806978549887,1.1955784262584845
0.97997997997998,1.1949734186872325,-0.0006572214235432,1.1956306401107757
0.980980980980981,1.194749108970969,-0.0005560636718474,1.1953051726428163
0.981981981981982,1.1945247992547057,-0.0004528847470365,1.194977684001742
0.9829829829829828,1.1943004895384424,-0.0007508540587816,1.1950513435972239
0.983983983983984,1.194076179822179,-0.0006908521599431,1.1947670319821222
0.984984984984985,1.1938518701059158,-0.0005306521893786,1.1943825222952944
0.985985985985986,1.1936275603896525,-0.0004457635755688,1.1940733239652213
0.986986986986987,1.193403250673389,-0.000310893909504,1.193714144582893
0.987987987987988,1.1931789409571256,-0.0005862074289474,1.193765148386073
0.988988988988989,1.1929546312408623,-0.000508956490085,1.1934635877309474
0.98998998998999,1.192730321524599,-0.0005600109035375,1.1932903324281365
0.990990990990991,1.1925060118083357,-0.000646179481856,1.1931521912901917
0.991991991991992,1.1922817020920722,-0.000459794474603,1.1927414965666752
0.992992992992993,1.1920573923758089,-0.0001550338487443,1.1922124262245533
0.993993993993994,1.1918330826595456,0.0002071023776454,1.1916259802819003
0.994994994994995,1.1916087729432825,0.0004664492202475,1.191142323723035
0.995995995995996,1.191384463227019,0.0004357462334749,1.190948716993544
0.996996996996997,1.1911601535107557,0.000498201607247,1.1906619519035087
0.997997997997998,1.190935843794492,0.0006423909600547,1.190293452834437
0.998998998998999,1.1907115340782288,0.0006546221492234,1.1900569119290054
1.0,1.1904872243619655,0.0006685434783622,1.1898186808836033
