tau,phi_data,phi_sim
0.0,0.6028238917084621,0.6028238917084621
0.001001001001001001,0.597337055164298,0.5915361175163425
0.002002002002002002,0.5918502186201341,0.5804597049719231
0.003003003003003003,0.58636338207597,0.5695906963639381
0.004004004004004004,0.5808765455318061,0.558925208088623
0.005005005005005005,0.5753897089876421,0.5484594292620625
0.006006006006006006,0.5699028724434781,0.5381896203585215
0.007007007007007007,0.5644160358993141,0.528112111874274
0.008008008008008008,0.5589291993551502,0.5182233030164513
0.009009009009009009,0.5534423628109861,0.5085196604164409
0.01001001001001001,0.5479555262668222,0.498997716867378
0.011011011011011011,0.5424686897226582,0.489654070085276
0.012012012012012012,0.5369818531784942,0.48048538149335596
0.013013013013013013,0.5314950166343302,0.47148837502913843
0.014014014014014014,0.5260081800901663,0.4626598359738727
0.015015015015015015,0.5205213435460022,0.45399660980388523
0.016016016016016016,0.5150345070018383,0.4454956010634355
0.017017017017017015,0.5095476704576742,0.43715377225867846
0.018018018018018018,0.5040608339135103,0.42896814277233697
0.01901901901901902,0.49857399736934627,0.42093578779869684
0.02002002002002002,0.4930871608251823,0.41305383729854395
0.02102102102102102,0.4876003242810183,0.40531947497367027
0.022022022022022022,0.4821134877368543,0.39772993726058187
0.023023023023023025,0.4766266511926903,0.3902825123430497
0.024024024024024024,0.47113981464852633,0.3829745391831504
0.025025025025025023,0.46565297810436235,0.3758034065704502
0.026026026026026026,0.46016614156019836,0.3687665521889936
0.02702702702702703,0.4546793050160344,0.3618614617017618
0.028028028028028028,0.4491924684718704,0.35508566785227474
0.029029029029029027,0.4437056319277064,0.3484367495830157
0.03003003003003003,0.4382187953835424,0.34191233117036307
0.031031031031031032,0.43273195883937843,0.3355100813757206
0.03203203203203203,0.4272451222952144,0.32922771261254224
0.03303303303303303,0.42175828575105045,0.3230629801289549
0.03403403403403403,0.41627144920688647,0.3170136812056859
0.035035035035035036,0.4107846126627225,0.3110776543690094
0.036036036036036036,0.40529777611855844,0.3052527786184305
0.037037037037037035,0.3998109395743945,0.29953697266883017
0.03803803803803804,0.39432410303023047,0.2939281942068018
0.03903903903903904,0.3888372664860665,0.28842443916091187
0.04004004004004004,0.3833504299419025,0.28302374098562566
0.04104104104104104,0.37786359339773856,0.2777241699586407
0.04204204204204204,0.3723767568535745,0.27252383249137785
0.043043043043043044,0.3668899203094106,0.26742087045238344
0.044044044044044044,0.36140308376524655,0.26241346050340025
0.04504504504504504,0.35591624722108256,0.2574998134478708
0.04604604604604605,0.3504294106769186,0.25267817359163974
0.04704704704704705,0.3449425741327546,0.24794681811562674
0.04804804804804805,0.3394557375885906,0.2433040564602463
0.04904904904904905,0.33396890104442667,0.2387482297213541
0.050050050050050046,0.3284820645002627,0.23427771005750397
0.05105105105105105,0.32299522795609864,0.2298909001083043
0.05205205205205205,0.31750839141193465,0.22558623242366513
0.05305305305305305,0.31202155486777067,0.22136216890373292
0.05405405405405406,0.3065347183236066,0.21721720024931218
0.055055055055055056,0.3010478817794427,0.21314984542257806
0.056056056056056056,0.2955610452352787,0.20915865111788684
0.057057057057057055,0.2900742086911147,0.20524219124249551
0.058058058058058054,0.28458737214695073,0.20139906640700483
0.05905905905905906,0.2791005356027867,0.1976279034253436
0.06006006006006006,0.27361369905862276,0.1939273548241158
0.06106106106106106,0.2681268625144588,0.19029609836113512
0.062062062062062065,0.26264002597029473,0.18673283655297473
0.06306306306306306,0.2571531894261308,0.18323629621136375
0.06406406406406406,0.25166635288196676,0.17980522798826445
0.06506506506506507,0.24617951633780277,0.176438405929468
0.06606606606606606,0.24069267979363884,0.17313462703654894
0.06706706706706707,0.2352058432494748,0.16989271083702204
0.06806806806806806,0.22971900670531087,0.16671149896254778
0.06906906906906907,0.22423217016114683,0.16358985473503612
0.07007007007007007,0.21874533361698284,0.1605266627605001
0.07107107107107107,0.2132584970728189,0.15752082853051463
0.07207207207207207,0.20777166052865487,0.15457127803113804
0.07307307307307308,0.20228482398449082,0.15167695735915612
0.07407407407407407,0.1967979874403269,0.14883683234551234
0.07507507507507508,0.1913111508961629,0.14604988818578898
0.07607607607607608,0.18582431435199892,0.14331512907760763
0.07707707707707707,0.18033747780783493,0.14063157786481917
0.07807807807807808,0.1748506412636709,0.13799827568835632
0.07907907907907907,0.16936380471950696,0.1354142816436239
0.08008008008008008,0.16387696817534297,0.1328786724443044
0.08108108108108109,0.158390131631179,0.13039054209245865
0.08208208208208208,0.152903295087015,0.127949001554804
0.08308308308308308,0.14741645854285096,0.12555317844505384
0.08408408408408408,0.14192962199868703,0.12320221671220566
0.08508508508508508,0.13644278545452304,0.12089527633466542
0.08608608608608609,0.13095594891035905,0.11863153302009972
0.08708708708708708,0.12546911236619507,0.11641017791090807
0.08808808808808809,0.11998227582203103,0.11423041729521011
0.0890890890890891,0.11449543927786704,0.11209147232324457
0.09009009009009009,0.10900860273370305,0.10999257872907867
0.09109109109109109,0.10394931189427917,0.1079329865575284
0.0920920920920921,0.10081397672618544,0.10591195989619216
0.09309309309309309,0.09767864155809178,0.10392877661250212
0.0940940940940941,0.09454330638999804,0.1019827280956991
0.09509509509509509,0.09140797122190437,0.10007311900363906
0.0960960960960961,0.08827263605381064,0.09819926701434058
0.0970970970970971,0.0851373008857169,0.09636050258218443
0.0980980980980981,0.08200196571762323,0.09455616869867847
0.0990990990990991,0.0788666305495295,0.09278562065770207
0.10010010010010009,0.07573129538143583,0.09104822582514624
0.1011011011011011,0.07259596021334211,0.08934336341286735
0.1021021021021021,0.06946062504524837,0.0876704242568734
0.1031031031031031,0.0663252898771547,0.0860288105996638
0.1041041041041041,0.06318995470906097,0.08441793587664476
0.10510510510510511,0.06005461954096724,0.08283722450654399
0.1061061061061061,0.05691928437287357,0.08128611168574995
0.10710710710710711,0.053783949204779836,0.07976404318650193
0.10810810810810811,0.05064861403668611,0.07827047515885907
0.1091091091091091,0.04751327886859244,0.07680487393637749
0.11011011011011011,0.044377943700498704,0.07536671584542598
0.1111111111111111,0.04124260853240504,0.07395548701807239
0.11211211211211211,0.0381072733643113,0.07257068320847351
0.11311311311311312,0.03497193819621758,0.07121180961270314
0.11411411411411411,0.0318366030281239,0.06987838069195378
0.11511511511511512,0.028701267860030175,0.0685699199990489
0.11611611611611611,0.025565932691936508,0.06728596000820371
0.11711711711711711,0.02243059752384277,0.06602604194797355
0.11811811811811812,0.019295262355749035,0.0647897156373305
0.11911911911911911,0.016159927187655368,0.06357653932480918
0.12012012012012012,0.013024592019561632,0.06238607953066469
0.12112112112112113,0.009889256851467909,0.06121791089198605
0.12212212212212212,0.006753921683374242,0.060071616010709865
0.12312312312312312,0.003618586515280506,0.058946785304479936
0.12412412412412413,0.00048325134718676943,0.05784301686029947
0.12512512512512514,-0.002652083820906967,0.05675991629092363
0.12612612612612611,-0.0057874189890005645,0.05569709659394115
0.12712712712712712,-0.0089227541570943,0.05465417801349454
0.12812812812812813,-0.012058089325188023,0.05363078790458966
0.12912912912912913,-0.01519342449328176,0.05262656059994598
0.13013013013013014,-0.018328759661375496,0.05164113727934011
0.13113113113113112,-0.021464094829469094,0.050674165841395835
0.13213213213213212,-0.024599429997562844,0.04972530077777484
0.13313313313313313,-0.027734765165656566,0.048794203049723185
0.13413413413413414,-0.03087010033375029,0.04788053996692949
0.13513513513513514,-0.03400543550184404,0.046983985068651396
0.13613613613613612,-0.03714077066993762,0.04610421800706799
0.13713713713713713,-0.04027610583803137,0.045240924432816354
0.13813813813813813,-0.043411441006125095,0.044393795882671505
0.13913913913913914,-0.04654677617421882,0.043562529669329456
0.14014014014014015,-0.04968211134231257,0.04274682877325407
0.14114114114114115,-0.05281744651040629,0.041946401736549115
0.14214214214214213,-0.0559527816784999,0.041160962558817474
0.14314314314314314,-0.059088116846593625,0.040390230594970426
0.14414414414414414,-0.062223452014687375,0.039633930454950415
0.14514514514514515,-0.0653587871827811,0.03889179190533149
0.14614614614614616,-0.06849412235087482,0.038163549772762255
0.14714714714714713,-0.07162945751896843,0.03744894384921685
0.14814814814814814,-0.07476479268706215,0.03674771879902007
0.14914914914914915,-0.0779001278551559,0.036059624067613455
0.15015015015015015,-0.08103546302324963,0.03538441379202968
0.15115115115115116,-0.08417079819134335,0.03472184671304331
0.15215215215215216,-0.08730613335943704,0.03407168608896655
0.15315315315315314,-0.09044146852753071,0.033433699611059096
0.15415415415415415,-0.09357680369562443,0.03280765932052197
0.15515515515515516,-0.09671213886371816,0.03219334152704562
0.15615615615615616,-0.0998474740318119,0.03159052672888317
0.15715715715715717,-0.10298280919990557,0.030998999534420302
0.15815815815815815,-0.10611814436799924,0.030418548585213753
0.15915915915915915,-0.10925347953609296,0.029848966480470855
0.16016016016016016,-0.11238881470418668,0.029290049702943216
0.16116116116116116,-0.11552414987228043,0.028741598546208016
0.16216216216216217,-0.1186594850403741,0.02820341704331095
0.16316316316316315,-0.12179482020846777,0.027675312896745328
0.16416416416416416,-0.12493015537656149,0.027157097409742287
0.16516516516516516,-0.12806549054465524,0.026648585418847605
0.16616616616616617,-0.13120082571274896,0.02614959522776098
0.16716716716716717,-0.13433616088084263,0.025659948542414178
0.16816816816816815,-0.1374714960489363,0.0251794704072648
0.16916916916916916,-0.14060683121703002,0.024707989142782986
0.17017017017017017,-0.14374216638512377,0.02424533628410862
0.17117117117117117,-0.14687750155321752,0.02379134652085721
0.17217217217217218,-0.1500128367213112,0.023345857638052844
0.17317317317317318,-0.1531481718894049,0.022908710458167225
0.17417417417417416,-0.15628350705749858,0.02247974878424397
0.17517517517517517,-0.1594188422255923,0.02205881934408791
0.17617617617617617,-0.16255417739368602,0.021645771735499458
0.17717717717717718,-0.1656895125617797,0.021240458372534396
0.1781781781781782,-0.1688248477298734,0.020842734432770016
0.17917917917917917,-0.17196018289796708,0.02045245780555863
0.18018018018018017,-0.17509551806606086,0.020069489041250055
0.18118118118118118,-0.17823085323415458,0.01969369130136489
0.18218218218218218,-0.17963790614845404,0.01932493030970079
0.1831831831831832,-0.1780204651186137,0.01896307430435427
0.1841841841841842,-0.17640302408877334,0.01860799399064089
0.18518518518518517,-0.17478558305893305,0.018259562494896995
0.18618618618618618,-0.1731681420290927,0.017917655319146526
0.1871871871871872,-0.17155070099925235,0.017582150296616673
0.1881881881881882,-0.169933259969412,0.01725292754808649
0.1891891891891892,-0.16831581893957165,0.01692986943905288
0.19019019019019018,-0.16669837790973135,0.01661286053769865
0.19119119119119118,-0.165080936879891,0.016301787573647572
0.1921921921921922,-0.16346349585005063,0.015996539397491794
0.1931931931931932,-0.16184605482021028,0.01569700694107706
0.1941941941941942,-0.16022861379036993,0.015403083178531594
0.19519519519519518,-0.15861117276052963,0.015114663088024715
0.1961961961961962,-0.15699373173068928,0.014831643614241505
0.1971971971971972,-0.15537629070084893,0.014553923631560144
0.1981981981981982,-0.15375884967100859,0.014281403907918735
0.1991991991991992,-0.15214140864116824,0.014013987069358719
0.20020020020020018,-0.15052396761132794,0.01375157756523221
0.2012012012012012,-0.1489065265814876,0.013494081634060814
0.2022022022022022,-0.14728908555164721,0.013241407270033742
0.2032032032032032,-0.14567164452180686,0.012993464190133227
0.2042042042042042,-0.14405420349196651,0.012750163801875524
0.20520520520520522,-0.14243676246212617,0.012511419171655956
0.2062062062062062,-0.14081932143228587,0.012277144993686675
0.2072072072072072,-0.13920188040244552,0.012047257559516085
0.2082082082082082,-0.13758443937260517,0.011821674728118984
0.2092092092092092,-0.13596699834276482,0.011600315896546783
0.21021021021021022,-0.13434955731292447,0.011383101971127274
0.2112112112112112,-0.13273211628308418,0.0111699553392037
0.2122122122122122,-0.13111467525324383,0.010960799841402987
0.2132132132132132,-0.12949723422340348,0.01075556074442326
0.21421421421421422,-0.12787979319356313,0.010554164714330903
0.21521521521521522,-0.12626235216372275,0.010356539790357628
0.21621621621621623,-0.1246449111338824,0.01016261535918819
0.2172172172172172,-0.12302747010404211,0.009972322129729561
0.2182182182182182,-0.12141002907420176,0.009785592108352545
0.21921921921921922,-0.11979258804436141,0.00960235857459699
0.22022022022022023,-0.11817514701452106,0.009422556057331916
0.22122122122122123,-0.1165577059846807,0.009246120311362042
0.2222222222222222,-0.11494026495484042,0.009072988294472348
0.22322322322322322,-0.11332282392500005,0.008903098144902477
0.22422422422422422,-0.1117053828951597,0.008736389159242925
0.22522522522522523,-0.11008794186531935,0.008572801770745118
0.22622622622622623,-0.10847050083547899,0.008412277528037632
0.2272272272272272,-0.10685305980563871,0.008254759074240949
0.22822822822822822,-0.10523561877579836,0.008100190126473278
0.22922922922922923,-0.103618177745958,0.00794851545574014
0.23023023023023023,-0.10200073671611765,0.007799680867200502
0.23123123123123124,-0.1003832956862773,0.007653633180802435
0.23223223223223222,-0.098765854656437,0.007510320212281359
0.23323323323323322,-0.09714841362659665,0.0073696907545140996
0.23423423423423423,-0.09553097259675629,0.0072316945592220796
0.23523523523523523,-0.09391353156691594,0.007096282319017119
0.23623623623623624,-0.09229609053707559,0.006963405649783424
0.23723723723723725,-0.09067864950723524,0.006833017073389471
0.23823823823823823,-0.08906120847739495,0.006705070000723605
0.23923923923923923,-0.0874437674475546,0.006579518715047295
0.24024024024024024,-0.08582632641771423,0.0064563183556600985
0.24124124124124124,-0.08420888538787388,0.006335424901870494
0.24224224224224225,-0.08259144435803353,0.006216795157266858
0.24324324324324323,-0.08097400332819324,0.0061003867342829645
0.24424424424424424,-0.07935656229835289,0.005986158039052496
0.24524524524524524,-0.07773912126851253,0.005874068256547146
0.24624624624624625,-0.07612168023867218,0.005764077335993014
0.24724724724724725,-0.07450423920883183,0.00565614597656007
0.24824824824824826,-0.07288679817899148,0.005550235613319586
0.24924924924924924,-0.07126935714915118,0.005446308403464508
0.2502502502502503,-0.06965191611931076,0.0053443272127878545
0.25125125125125125,-0.06803447508947047,0.0052442556024143005
0.25225225225225223,-0.06641703405963019,0.005146057815780211
0.25325325325325326,-0.06479959302978977,0.005049698765857471
0.25425425425425424,-0.06318215199994948,0.004955144022616551
0.2552552552552553,-0.06156471097010906,0.004862359800724315
0.25625625625625625,-0.05994726994026876,0.004771312947472199
0.25725725725725723,-0.05832982891042848,0.004681970930930418
0.25825825825825827,-0.056712387880588064,0.004594301828323994
0.25925925925925924,-0.055094946850747784,0.004508274314626432
0.2602602602602603,-0.05347750582090735,0.004423857651366988
0.26126126126126126,-0.051860064791067056,0.004341021675647508
0.26226226226226224,-0.05024262376122679,0.004259736789364935
0.26326326326326327,-0.04862518273138636,0.004179973948635612
0.26426426426426425,-0.04700774170154606,0.004101704653417624
0.2652652652652653,-0.04539030067170566,0.004024900937327451
0.26626626626626626,-0.043772859641865364,0.003949535357647309
0.26726726726726724,-0.04215541861202507,0.0038755809855195947
0.2682682682682683,-0.040537977582184664,0.0038030113963249475
0.26926926926926925,-0.03892053655234437,0.00373180066024047
0.2702702702702703,-0.03730309552250394,0.003661923332974751
0.27127127127127126,-0.03568565449266364,0.003593354446676373
0.27227227227227224,-0.03406821346282338,0.0035260695010126525
0.2732732732732733,-0.030367342213784655,0.0034600444544154335
0.27427427427427425,-0.02493027911541433,0.0033952557154907992
0.2752752752752753,-0.01949321601704357,0.003331680134589639
0.27627627627627627,-0.014056152918673247,0.0032692949955360497
0.2772772772772773,-0.008619089820302486,0.003208078007510626
0.2782782782782783,-0.003182026721932161,0.0031480072970857327
0.27927927927927926,0.0022550363764381604,0.003089061400409915
0.2802802802802803,0.007692099474808922,0.0030312192555386553
0.28128128128128127,0.013129162573179247,0.002974460194908734
0.2822822822822823,0.01856622567155001,0.0029187639379535083
0.2832832832832833,0.024003288769920333,0.0028641105838564667
0.28428428428428426,0.029440351868290658,0.0028104806044404736
0.2852852852852853,0.03487741496666142,0.0027578548371901606
0.2862862862862863,0.04031447806503175,0.0027062144784049734
0.2872872872872873,0.045751541163402513,0.002655541076480424
0.2882882882882883,0.05118860426177283,0.0026058165253151546
0.28928928928928926,0.05662566736014315,0.0025570230578414494
0.2902902902902903,0.06206273045851391,0.002509143239676888
0.2912912912912913,0.06749979355688424,0.00246215996289487
0.2922922922922923,0.07293685665525501,0.0024160564399117864
0.2932932932932933,0.07837391975362532,0.0023708161974886526
0.29429429429429427,0.08381098285199565,0.0023264230708450575
0.2952952952952953,0.08924804595036642,0.0022828611978833306
0.2962962962962963,0.09468510904873675,0.0022401150135208598
0.2972972972972973,0.1001221721471075,0.002198169244128535
0.2982982982982983,0.10555923524547783,0.002157008902073331
0.29929929929929927,0.11099629834384817,0.002116619280363082
0.3003003003003003,0.11643336144221891,0.002076985947391525
0.3013013013013013,0.12187042454058925,0.0020380947417817513
0.3023023023023023,0.12730748763896,0.0019999317673262047
0.3033033033033033,0.13274455073733032,0.001962483388021432
0.30430430430430433,0.13818161383570088,0.001925736223195806
0.3053053053053053,0.1436186769340714,0.0018896771427284807
0.3063063063063063,0.14905574003244174,0.0018542932623578706
0.3073073073073073,0.15449280313081248,0.0018195719390779782
0.3083083083083083,0.15992986622918282,0.0017855007666209251
0.30930930930930933,0.16536692932755337,0.0017520675710240706
0.3103103103103103,0.1708039924259239,0.0017192604062801367
0.3113113113113113,0.17624105552429423,0.0016870675500687822
0.3123123123123123,0.181678118622665,0.001655477499568104
0.3133133133133133,0.1871151817210353,0.001624478967344566
0.31431431431431434,0.19255224481940586,0.0015940608773198888
0.3153153153153153,0.1979893079177764,0.0015642123608134591
0.3163163163163163,0.20342637101614672,0.001534922752658844
0.3173173173173173,0.2088634341145175,0.0015061815873930226
0.3183183183183183,0.21430049721288782,0.0014779785955169736
0.31931931931931934,0.21973756031125838,0.001450303699826284
0.3203203203203203,0.22517462340962888,0.0014231470118104645
0.3213213213213213,0.2306116865079992,0.0013964988281196888
0.32232232232232233,0.23604874960636998,0.0013703496270976918
0.3233233233233233,0.24148581270474032,0.0013446900653795884
0.32432432432432434,0.24692287580311087,0.0013195109745533988
0.3253253253253253,0.25235993890148134,0.0012948033578840845
0.3263263263263263,0.25779700199985167,0.001270558387098928
0.32732732732732733,0.26323406509822245,0.0012467673992331034
0.3283283283283283,0.2686711281965928,0.001223421893534316
0.32932932932932935,0.27410819129496333,0.001200513528425399
0.3303303303303303,0.2795452543933339,0.001178034118523788
0.3313313313313313,0.28498231749170416,0.0011559756317168024
0.33233233233233234,0.29041938059007494,0.0011343301862916945
0.3333333333333333,0.29585644368844527,0.0011130900481194357
0.33433433433433435,0.3012935067868158,0.0010922476278912364
0.3353353353353353,0.3067305698851864,0.0010717954784068128
0.3363363363363363,0.31216763298355665,0.001051726291913429
0.33733733733733734,0.31760469608192743,0.0010320328974947654
0.3383383383383383,0.32304175918029776,0.0010127082585086806
0.33933933933933935,0.3284788222786683,0.0009937454700729505
0.34034034034034033,0.33391588537703887,0.000975137756598086
0.34134134134134136,0.3393529484754094,0.0009568784693663492
0.34234234234234234,0.3447900115737799,0.0009389610841561013
0.3433433433433433,0.35022707467215025,0.0009213791989106349
0.34434434434434436,0.3556641377705208,0.0009041265314506558
0.34534534534534533,0.36110120086889136,0.0008871969172296001
0.34634634634634637,0.3665382639672619,0.0008705843071309806
0.34734734734734735,0.3719753270656324,0.0008542827653069788
0.3483483483483483,0.37741239016400274,0.0008382864670575085
0.34934934934934936,0.3828494532623733,0.0008225896967489936
0.35035035035035034,0.38828651636074385,0.0008071868457721161
0.35135135135135137,0.3937235794591144,0.0007920724105378057
0.35235235235235235,0.39916064255748496,0.0007772409905107534
0.3533533533533533,0.40459770565585523,0.0007626872862797475
0.35435435435435436,0.4100347687542258,0.0007484060976641421
0.35535535535535534,0.41547183185259634,0.0007343923218557823
0.3563563563563564,0.4209088949509669,0.0007206409515957202
0.35735735735735735,0.42634595804933745,0.0007071470733850733
0.35835835835835833,0.4317830211477077,0.0006939058657293824
0.35935935935935936,0.4372200842460783,0.0006809125974158453
0.36036036036036034,0.44265714734444883,0.0006681626258228081
0.3613613613613614,0.4480942104428194,0.000655651395260911
0.36236236236236236,0.45353127354118994,0.0006433744353452958
0.36336336336336333,0.45896833663956027,0.0006313273593982942
0.36436436436436437,0.4473397704179971,0.0006195058628820247
0.36536536536536535,0.4293115932014589,0.0006079057218603396
0.3663663663663664,0.4112834159849192,0.0005965227914895705
0.36736736736736736,0.393255238768381,0.0005853530045375364
0.3683683683683684,0.37522706155184127,0.0005743923699302807
0.36936936936936937,0.35719888433530306,0.0005636369713260224
0.37037037037037035,0.33917070711876485,0.0005530829657158084
0.3713713713713714,0.32114252990222514,0.0005427265820503692
0.37237237237237236,0.30311435268568687,0.000532564119892686
0.3733733733733734,0.2850861754691472,0.0005225919480957885
0.3743743743743744,0.267057998252609,0.0005128065035053106
0.37537537537537535,0.24902982103607077,0.0005032042896863403
0.3763763763763764,0.2310016438195311,0.0004937818756741099
0.37737737737737737,0.21297346660299285,0.0004845358947480785
0.3783783783783784,0.19494528938645317,0.00047546304322896953
0.3793793793793794,0.1769171121699149,0.0004665600792983345
0.38038038038038036,0.1588889349533767,0.00045782382184021914
0.3813813813813814,0.14086075773683698,0.00044925114930451993
0.38238238238238237,0.12283258052029877,0.00044083899859162354
0.3833833833833834,0.10480440330375912,0.00043258436395793146
0.3843843843843844,0.08677622608722085,0.00042448429594187857
0.38538538538538536,0.06874804887068264,0.00041653590031006163
0.3863863863863864,0.050719871654142934,0.0004087363370231014
0.38738738738738737,0.032691694437604724,0.00040108281922086896
0.3883883883883884,0.014663517221065014,0.0003935726122267132
0.3893893893893894,-0.003364659995473196,0.0003862030325703343
0.39039039039039036,-0.021392837212011406,0.0003789714470289535
0.3913913913913914,-0.039421014428551115,0.0003718752716864369
0.3923923923923924,-0.057449191645089326,0.000364911971010037
0.3933933933933934,-0.07547736886162904,0.00035807905694442213
0.3943943943943944,-0.0935055460781673,0.0003513740880226699
0.39539539539539537,-0.11153372329470546,0.00034479466849390725
0.3963963963963964,-0.12956190051124516,0.0003383384474672854
0.3973973973973974,-0.14759007772778343,0.0003320031180719833
0.3983983983983984,-0.16561825494432314,0.00032578641663294044
0.3993993993993994,-0.1836464321608613,0.00031968612186202363
0.40040040040040037,-0.20167460937739956,0.00031370005406433876
0.4014014014014014,-0.21970278659393927,0.00030782607435940495
0.4024024024024024,-0.23773096381047742,0.00030206208391691126
0.4034034034034034,-0.25575914102701713,0.00029640602320678446
0.4044044044044044,-0.2737873182435554,0.0002908558712632986
0.40540540540540543,-0.2918154954600951,0.0002854096449629644
0.4064064064064064,-0.30984367267663326,0.00028006539831593966
0.4074074074074074,-0.32787184989317153,0.0002748212217707082
0.4084084084084084,-0.34590002710971124,0.0002696752415317785
0.4094094094094094,-0.3639282043262495,0.0002646256188901582
0.41041041041041043,-0.3819563815427891,0.0002596705495663654
0.4114114114114114,-0.39998455875932737,0.00025480826306574207
0.4124124124124124,-0.41801273597586563,0.00025003702204583894
0.4134134134134134,-0.43604091319240534,0.00024535512169564607
0.4144144144144144,-0.4540690904089435,0.00024076088912644732
0.41541541541541543,-0.4720972676254832,0.0002362526827740808
0.4164164164164164,-0.4901254448420215,0.00023182889181239195
0.4174174174174174,-0.5081536220585596,0.00022748793557766974
0.4184184184184184,-0.5261817992750993,0.0002232282630038599
0.4194194194194194,-0.5442099764916375,0.00021904835206835408
0.42042042042042044,-0.5622381537081773,0.0002149467092481561
0.4214214214214214,-0.5802663309247156,0.0002109218689862318
0.4224224224224224,-0.5982945081412538,0.00020697239316785107
0.42342342342342343,-0.6163226853577934,0.00020309687060673543
0.4244244244244244,-0.6343508625743317,0.00019929391654082744
0.42542542542542544,-0.6523790397908713,0.00019556217213750164
0.4264264264264264,-0.6704072170074096,0.00019190030400804042
0.4274274274274274,-0.6884353942239478,0.00018830700373120122
0.42842842842842843,-0.7064635714404874,0.00018478098738570478
0.4294294294294294,-0.7244917486570257,0.0001813209950914776
0.43043043043043044,-0.7425199258735653,0.00017792579055948444
0.4314314314314314,-0.7605481030901036,0.0001745941606499902
0.43243243243243246,-0.7785762803066434,0.0001713249149390932
0.43343343343343343,-0.7966044575231817,0.00016811688529337518
0.4344344344344344,-0.8146326347397197,0.00016496892545251574
0.43543543543543545,-0.8326608119562595,0.0001618799106197224
0.4364364364364364,-0.8506889891727978,0.00015884873705982965
0.43743743743743746,-0.8687171663893374,0.00015587432170492368
0.43843843843843844,-0.8867453436058756,0.00015295560176735153
0.4394394394394394,-0.9047735208224139,0.0001500915343599768
0.44044044044044045,-0.9228016980389535,0.00014728109612354584
0.44144144144144143,-0.9408298752554918,0.00014452328286103144
0.44244244244244246,-0.9588580524720314,0.00014181710917882353
0.44344344344344344,-0.9768862296885696,0.00013916160813463838
0.4444444444444444,-0.9949144069051079,0.00013655583089202062
0.44544544544544545,-1.0129425841216475,0.00013399884638131475
0.44644644644644643,-1.0309707613381858,0.00013148974096698494
0.44744744744744747,-1.0489989385547256,0.000129027618121164
0.44844844844844844,-1.0670271157712639,0.00012661159810331527
0.4494494494494494,-1.085055292987802,0.0001242408176458928
0.45045045045045046,-1.1030834702043417,0.00012191442964588728
0.45145145145145144,-1.12111164742088,0.00011963160286214803
0.45245245245245247,-1.1391398246374196,0.00011739152161837229
0.45345345345345345,-1.1571680018539579,0.00011519338551165619
0.4544544544544544,-1.1751961790704961,0.0001130364091265029
0.45545545545545546,-1.1647213093043656,0.00011091982175418611
0.45645645645645644,-1.151396134839968,0.00010884286711736818
0.4574574574574575,-1.138070960375569,0.0001068048030998749
0.45845845845845845,-1.1247457859111711,0.00010480490148153011
0.45945945945945943,-1.1114206114467733,0.0001028424476779556
0.46046046046046046,-1.0980954369823743,0.000100916740485243
0.46146146146146144,-1.0847702625179765,9.90270918294069e-05
0.4624624624624625,-1.0714450880535777,9.717282652052923e-05
0.46346346346346345,-1.05811991358918,9.535328201150733e-05
0.46446446446446443,-1.044794739124782,9.356780816131938e-05
0.46546546546546547,-1.031469564660383,9.181576700272269e-05
0.46646646646646645,-1.0181443901959852,9.009653251430175e-05
0.4674674674674675,-1.0048192157315865,8.840949039678469e-05
0.46846846846846846,-0.9914940412671887,8.675403785354814e-05
0.4694694694694695,-0.9781688668027897,8.512958337523209e-05
0.47047047047047047,-0.9648436923383918,8.353554652838786e-05
0.47147147147147145,-0.951518517873994,8.197135774808352e-05
0.4724724724724725,-0.9381933434095951,8.043645813439281e-05
0.47347347347347346,-0.9248681689451974,7.893029925269469e-05
0.4744744744744745,-0.9115429944807985,7.745234293771238e-05
0.4754754754754755,-0.8982178200164006,7.600206110122157e-05
0.47647647647647645,-0.8848926455520028,7.457893554335936e-05
0.4774774774774775,-0.8715674710876039,7.318245776746643e-05
0.47847847847847846,-0.8582422966232061,7.181212879839617e-05
0.4794794794794795,-0.8449171221588072,7.046745900422597e-05
0.4804804804804805,-0.8315919476944094,6.914796792130705e-05
0.48148148148148145,-0.8182667732300115,6.785318408259e-05
0.4824824824824825,-0.8049415987656126,6.658264484916504e-05
0.48348348348348347,-0.7916164243012148,6.533589624495665e-05
0.4844844844844845,-0.778291249836816,6.411249279451343e-05
0.4854854854854855,-0.7649660753724181,6.291199736383541e-05
0.48648648648648646,-0.7516409009080203,6.173398100418178e-05
0.4874874874874875,-0.7383157264436213,6.0578022798803334e-05
0.48848848848848847,-0.7249905519792235,5.94437097125448e-05
0.4894894894894895,-0.7116653775148247,5.833063644426334e-05
0.4904904904904905,-0.6983402030504269,5.723840528201048e-05
0.49149149149149146,-0.685015028586029,5.61666259609258e-05
0.4924924924924925,-0.6716898541216301,5.511491552379141e-05
0.4934934934934935,-0.6583646796572323,5.4082898184197667e-05
0.4944944944944945,-0.6450395051928334,5.307020519227098e-05
0.4954954954954955,-0.6317143307284355,5.207647470291589e-05
0.4964964964964965,-0.6183891562640367,5.1101351646524295e-05
0.4974974974974975,-0.6050639817996388,5.014448760210559e-05
0.4984984984984985,-0.591738807335241,4.920554067279246e-05
0.4994994994994995,-0.5784136328708421,4.828417536367779e-05
0.5005005005005005,-0.5650884584064432,4.7380062461939054e-05
0.5015015015015015,-0.5517632839420454,4.6492878919207354e-05
0.5025025025025025,-0.5384381094776476,4.562230773613909e-05
0.5035035035035035,-0.5251129350132497,4.476803784914901e-05
0.5045045045045045,-0.5117877605488519,4.392976401926412e-05
0.5055055055055055,-0.49846258608445193,4.3107186723058855e-05
0.5065065065065065,-0.4851374116200541,4.2300012045632414e-05
0.5075075075075075,-0.47181223715565634,4.1507951575590095e-05
0.5085085085085085,-0.4584870626912585,4.07307223019911e-05
0.5095095095095095,-0.44516188822686065,3.996804651322594e-05
0.5105105105105106,-0.4318367137624607,3.921965169778741e-05
0.5115115115115115,-0.41851153929806284,3.848527044689949e-05
0.5125125125125125,-0.4051863648336651,3.776464035896966e-05
0.5135135135135135,-0.39186119036926725,3.7057503945830196e-05
0.5145145145145145,-0.3785360159048694,3.6363608540735155e-05
0.5155155155155156,-0.36521084144046945,3.568270620808007e-05
0.5165165165165165,-0.3518856669760716,3.501455365481213e-05
0.5175175175175175,-0.33856049251167375,3.4358912143499226e-05
0.5185185185185185,-0.325235318047276,3.371554740702671e-05
0.5195195195195195,-0.31191014358287816,3.308422956489146e-05
0.5205205205205206,-0.2985849691184782,3.246473304106336e-05
0.5215215215215215,-0.28525979465408036,3.185683648338477e-05
0.5225225225225225,-0.2719346201896825,3.1260322684479217e-05
0.5235235235235235,-0.25860944572528466,3.06749785041411e-05
0.5245245245245245,-0.24528427126088692,3.010059479317862e-05
0.5255255255255256,-0.23195909679648685,2.953696631868271e-05
0.5265265265265265,-0.21863392233208911,2.8983891690695328e-05
0.5275275275275275,-0.20530874786769127,2.844117329025085e-05
0.5285285285285285,-0.19198357340329342,2.790861719876489e-05
0.5295295295295295,-0.17865839893889557,2.7386033128745286e-05
0.5305305305305306,-0.1653332244744956,2.6873234355800535e-05
0.5315315315315315,-0.15200805001009776,2.6370037651921335e-05
0.5325325325325325,-0.1386828755456999,2.5876263220011428e-05
0.5335335335335335,-0.12535770108130206,2.5391734629644343e-05
0.5345345345345345,-0.11203252661690444,2.4916278754023085e-05
0.5355355355355356,-0.09870735215250437,2.4449725708120238e-05
0.5365365365365365,-0.08538217768810652,2.3991908787976382e-05
0.5375375375375375,-0.07205700322370867,2.3542664411135145e-05
0.5385385385385385,-0.05873182875931082,2.310183205819359e-05
0.5395395395395395,-0.045406654294913196,2.266925421544707e-05
0.5405405405405406,-0.03208147983051313,2.2244776318608037e-05
0.5415415415415415,-0.018756305366115278,2.1828246697578718e-05
0.5425425425425425,-0.005431130901717429,2.1419516522257904e-05
0.5435435435435435,0.00789404356268042,2.1018439749362505e-05
0.5445445445445445,0.021219218027078268,2.0624873070244855e-05
0.5455455455455456,0.032242771447626356,2.0238675859687133e-05
0.5465465465465466,0.020250114429668314,1.9859710125654603e-05
0.5475475475475475,0.008257457411710273,1.9487840459989712e-05
0.5485485485485485,-0.003735199606247769,1.912293399002943e-05
0.5495495495495496,-0.015727856624207746,1.8764860331128548e-05
0.5505505505505506,-0.02772051364216578,1.841349154007198e-05
0.5515515515515516,-0.03971317066012383,1.8068702069359392e-05
0.5525525525525525,-0.05170582767808187,1.7730368722345863e-05
0.5535535535535535,-0.06369848469603989,1.7398370609222515e-05
0.5545545545545546,-0.07569114171399988,1.7072589103821404e-05
0.5555555555555556,-0.08768379873195792,1.6752907801229237e-05
0.5565565565565566,-0.09967645574991596,1.6439212476194753e-05
0.5575575575575575,-0.111669112767874,1.613139104231493e-05
0.5585585585585585,-0.12366176978583204,1.5829333511985417e-05
0.5595595595595596,-0.13565442680379203,1.5532931957100887e-05
0.5605605605605606,-0.14764708382175007,1.5242080470491276e-05
0.5615615615615616,-0.1596397408397081,1.495667512808011e-05
0.5625625625625625,-0.17163239785766615,1.4676613951751424e-05
0.5635635635635635,-0.1836250548756242,1.4401796872911983e-05
0.5645645645645646,-0.19561771189358415,1.4132125696735794e-05
0.5655655655655656,-0.2076103689115422,1.386750406707814e-05
0.5665665665665666,-0.21960302592950023,1.3607837432046583e-05
0.5675675675675675,-0.23159568294745828,1.3353033010216658e-05
0.5685685685685685,-0.24358833996541632,1.3102999757480154e-05
0.5695695695695696,-0.2555809969833763,1.2857648334514172e-05
0.5705705705705706,-0.2675736540013343,1.261689107485931e-05
0.5715715715715716,-0.27956631101929236,1.238064195359558e-05
0.5725725725725725,-0.2915589680372504,1.214881655660487e-05
0.5735735735735735,-0.30355162505520844,1.1921332050408946e-05
0.5745745745745746,-0.3155442820731684,1.1698107152572247e-05
0.5755755755755756,-0.32753693909112647,1.1479062102658875e-05
0.5765765765765766,-0.3395295961090845,1.1264118633733416e-05
0.5775775775775776,-0.35152225312704255,1.1053199944395393e-05
0.5785785785785785,-0.3635149101450006,1.0846230671337386e-05
0.5795795795795796,-0.3755075671629605,1.0643136862416971e-05
0.5805805805805806,-0.38750022418091856,1.0443845950232914e-05
0.5815815815815816,-0.3994928811988766,1.0248286726196116e-05
0.5825825825825826,-0.41148553821683465,1.0056389315086101e-05
0.5835835835835835,-0.4234781952347927,9.868085150083905e-06
0.5845845845845846,-0.43547085225275267,9.683306948272493e-06
0.5855855855855856,-0.4474635092707107,9.501988686595905e-06
0.5865865865865866,-0.45945616628866875,9.324065578268587e-06
0.5875875875875876,-0.4714488233066268,9.149474049626425e-06
0.5885885885885885,-0.48344148032458484,8.978151717411266e-06
0.5895895895895896,-0.49543413734254477,8.810037366480761e-06
0.5905905905905906,-0.5074267943605029,8.645070927935606e-06
0.5915915915915916,-0.5194194513784609,8.483193457656331e-06
0.5925925925925926,-0.531412108396419,8.324347115241991e-06
0.5935935935935935,-0.543404765414377,8.168475143343233e-06
0.5945945945945946,-0.555397422432337,8.015521847382329e-06
0.5955955955955956,-0.5673900794502951,7.86543257565297e-06
0.5965965965965966,-0.5793827364682531,7.718153699792671e-06
0.5975975975975976,-0.5913753934862112,7.573632595620838e-06
0.5985985985985985,-0.6033680505041692,7.431817624335632e-06
0.5995995995995996,-0.6153607075221291,7.292658114062919e-06
0.6006006006006006,-0.6273533645400872,7.15610434175072e-06
0.6016016016016016,-0.6393460215580452,7.022107515402672e-06
0.6026026026026026,-0.6513386785760032,6.890619756644178e-06
0.6036036036036035,-0.6633313355939613,6.76159408361499e-06
0.6046046046046046,-0.6753239926119213,6.634984394182138e-06
0.6056056056056056,-0.6873166496298794,6.510745449467181e-06
0.6066066066066066,-0.6993093066478374,6.388832857681919e-06
0.6076076076076076,-0.7113019636657955,6.269203058266771e-06
0.6086086086086087,-0.7232946206837544,6.1518133063261635e-06
0.6096096096096096,-0.7352872777017134,6.036621657355359e-06
0.6106106106106106,-0.7472799347196715,5.9235869522532785e-06
0.6116116116116116,-0.7592725917376295,5.81266880261595e-06
0.6126126126126126,-0.7712652487555876,5.703827576305338e-06
0.6136136136136137,-0.7832579057735466,5.597024383288394e-06
0.6146146146146146,-0.7952505627915055,5.492221061741269e-06
0.6156156156156156,-0.8072432198094636,5.389380164413716e-06
0.6166166166166166,-0.8192358768274216,5.288464945248832e-06
0.6176176176176176,-0.8312285338453796,5.18943934625332e-06
0.6186186186186187,-0.8432211908633387,5.092267984613627e-06
0.6196196196196196,-0.8552138478812977,4.996916140053314e-06
0.6206206206206206,-0.8672065048992558,4.903349742427162e-06
0.6216216216216216,-0.8791991619172138,4.811535359547577e-06
0.6226226226226226,-0.8911918189351719,4.721440185238945e-06
0.6236236236236237,-0.9031844759531308,4.633032027615662e-06
0.6246246246246246,-0.9151771329710898,4.546279297579661e-06
0.6256256256256256,-0.9271697899890479,4.461150997533316e-06
0.6266266266266266,-0.9391624470070059,4.377616710303702e-06
0.6276276276276276,-0.951155104024964,4.295646588274239e-06
0.6286286286286287,-0.963147761042923,4.215211342719847e-06
0.6296296296296297,-0.975140418060882,4.1362822333418014e-06
0.6306306306306306,-0.9871330750788401,4.058831057998539e-06
0.6316316316316316,-0.9991257320967981,3.9828301426287615e-06
0.6326326326326326,-1.0111183891147562,3.908252331363222e-06
0.6336336336336337,-1.023111046132715,3.835070976821665e-06
0.6346346346346347,-1.035103703150674,3.7632599305914625e-06
0.6356356356356356,-1.047096360168632,3.692793533884527e-06
0.6366366366366366,-1.0548883806375193,3.623646608369176e-06
0.6376376376376376,-1.0514787036422177,3.555794447173669e-06
0.6386386386386387,-1.0480690266469155,3.489212806058202e-06
0.6396396396396397,-1.0446593496516134,3.4238778947522017e-06
0.6406406406406406,-1.0412496726563116,3.3597663684538318e-06
0.6416416416416416,-1.0378399956610098,3.296855319488665e-06
0.6426426426426426,-1.034430318665708,3.2351222691245498e-06
0.6436436436436437,-1.031020641670406,3.1745451595397373e-06
0.6446446446446447,-1.027610964675104,3.115102345941408e-06
0.6456456456456456,-1.0242012876798021,3.0567725888317755e-06
0.6466466466466466,-1.0207916106845003,2.9995350464190057e-06
0.6476476476476476,-1.0173819336891985,2.943369267170242e-06
0.6486486486486487,-1.0139722566938965,2.8882551825040725e-06
0.6496496496496497,-1.0105625796985944,2.83417309961983e-06
0.6506506506506506,-1.0071529027032926,2.781103694461163e-06
0.6516516516516516,-1.0037432257079908,2.7290280048113584e-06
0.6526526526526526,-1.000333548712689,2.677927423517961e-06
0.6536536536536537,-0.996923871717387,2.627783691844252e-06
0.6546546546546547,-0.9935141947220849,2.5785788929452268e-06
0.6556556556556556,-0.9901045177267831,2.5302954454657297e-06
0.6566566566566566,-0.9866948407314813,2.4829160972584647e-06
0.6576576576576576,-0.9832851637361795,2.4364239192196354e-06
0.6586586586586587,-0.9798754867408774,2.3908022992400093e-06
0.6596596596596597,-0.9764658097455754,2.3460349362692508e-06
0.6606606606606606,-0.9730561327502736,2.302105834491395e-06
0.6616616616616616,-0.9696464557549718,2.2589992976093875e-06
0.6626626626626626,-0.96623677875967,2.216699923236644e-06
0.6636636636636637,-0.9628271017643679,2.1751925973936277e-06
0.6646646646646647,-0.9594174247690659,2.134462489107475e-06
0.6656656656656657,-0.9560077477737641,2.0944950451127466e-06
0.6666666666666666,-0.9525980707784623,2.055275984651401e-06
0.6676676676676676,-0.9491883937831604,2.0167912943701423e-06
0.6686686686686687,-0.9457787167878584,1.9790272233133113e-06
0.6696696696696697,-0.9423690397925563,1.941970278009535e-06
0.6706706706706707,-0.9389593627972546,1.9056072176503767e-06
0.6716716716716716,-0.9355496858019527,1.8699250493592678e-06
0.6726726726726726,-0.9321400088066509,1.8349110235490237e-06
0.6736736736736737,-0.9287303318113489,1.8005526293662936e-06
0.6746746746746747,-0.9253206548160468,1.7668375902213095e-06
0.6756756756756757,-0.9219109778207449,1.7337538594013412e-06
0.6766766766766766,-0.9185013008254432,1.7012896157662877e-06
0.6776776776776777,-0.9150916238301411,1.6694332595248692e-06
0.6786786786786787,-0.9116819468348393,1.6381734080899078e-06
0.6796796796796797,-0.9082722698395372,1.6074988920112182e-06
0.6806806806806807,-0.9048625928442354,1.5773987509846538e-06
0.6816816816816816,-0.9014529158489336,1.5478622299358832e-06
0.6826826826826827,-0.8980432388536316,1.5188787751774974e-06
0.6836836836836837,-0.8946335618583298,1.4904380306380734e-06
0.6846846846846847,-0.8912238848630277,1.4625298341618498e-06
0.6856856856856857,-0.8878142078677259,1.4351442138776883e-06
0.6866866866866866,-0.8844045308724241,1.4082713846360276e-06
0.6876876876876877,-0.8809948538771221,1.3819017445125532e-06
0.6886886886886887,-0.8775851768818203,1.3560258713773368e-06
0.6896896896896897,-0.8741754998865181,1.3306345195282165e-06
0.6906906906906907,-0.8707658228912164,1.305718616387218e-06
0.6916916916916916,-0.8673561458959146,1.2812692592588328e-06
0.6926926926926927,-0.8639464689006124,1.257277712148999e-06
0.6936936936936937,-0.8605367919053107,1.2337354026436455e-06
0.6946946946946947,-0.8571271149100086,1.2106339188456835e-06
0.6956956956956957,-0.8537174379147068,1.187965006369355e-06
0.6966966966966966,-0.8503077609194051,1.1657205653908592e-06
0.6976976976976977,-0.8468980839241029,1.1438926477542065e-06
0.6986986986986987,-0.8434884069288011,1.1224734541312652e-06
0.6996996996996997,-0.8400787299334991,1.101455331234985e-06
0.7007007007007007,-0.8366690529381973,1.0808307690848028e-06
0.7017017017017017,-0.8332593759428955,1.0605923983232536e-06
0.7027027027027027,-0.8298496989475934,1.0407329875828266e-06
0.7037037037037037,-0.8264400219522916,1.0212454409021275e-06
0.7047047047047047,-0.8230303449569896,1.0021227951904218e-06
0.7057057057057057,-0.8196206679616878,9.833582177396547e-07
0.7067067067067067,-0.8162109909663859,9.64945003783058e-07
0.7077077077077077,-0.8128013139710839,9.468765740994709e-07
0.7087087087087087,-0.8093916369757821,9.291464726625205e-07
0.7097097097097097,-0.8059819599804801,9.117483643338203e-07
0.7107107107107107,-0.8025722829851782,8.946760325993634e-07
0.7117117117117117,-0.7991626059898764,8.779233773483015e-07
0.7127127127127127,-0.7957529289945744,8.614844126933154e-07
0.7137137137137137,-0.7923432519992726,8.453532648317997e-07
0.7147147147147147,-0.7889335750039705,8.295241699470946e-07
0.7157157157157157,-0.7855238980086687,8.139914721490192e-07
0.7167167167167167,-0.7821142210133669,7.987496214529658e-07
0.7177177177177178,-0.7787045440180649,7.837931717968366e-07
0.7187187187187187,-0.7752948670227631,7.691167790951125e-07
0.7197197197197197,-0.771885190027461,7.54715199329359e-07
0.7207207207207207,-0.7684755130321592,7.405832866744875e-07
0.7217217217217217,-0.7650658360368574,7.267159916601012e-07
0.7227227227227228,-0.7616561590415554,7.131083593662706e-07
0.7237237237237237,-0.7582464820462536,6.997555276530921e-07
0.7247247247247247,-0.7548368050509514,6.866527254233976e-07
0.7257257257257257,-0.7514271280556497,6.737952709179952e-07
0.7267267267267267,-0.7480174510603479,6.611785700428306e-07
0.7277277277277278,-0.7479568820855095,6.487981147274733e-07
0.7287287287287287,-0.7519152427352277,6.366494813143376e-07
0.7297297297297297,-0.7558736033849458,6.247283289780679e-07
0.7307307307307307,-0.759831964034664,6.130303981745184e-07
0.7317317317317317,-0.7637903246843822,6.01551509118777e-07
0.7327327327327328,-0.767748685334101,5.902875602916873e-07
0.7337337337337337,-0.7717070459838192,5.792345269743353e-07
0.7347347347347347,-0.7756654066335373,5.683884598099785e-07
0.7357357357357357,-0.7796237672832556,5.57745483392902e-07
0.7367367367367368,-0.7835821279329743,5.47301794883698e-07
0.7377377377377378,-0.7875404885826925,5.370536626504746e-07
0.7387387387387387,-0.7914988492324108,5.269974249355067e-07
0.7397397397397397,-0.7954572098821289,5.171294885468548e-07
0.7407407407407407,-0.7994155705318471,5.07446327574482e-07
0.7417417417417418,-0.8033739311815659,4.979444821304122e-07
0.7427427427427428,-0.8073322918312841,4.886205571124779e-07
0.7437437437437437,-0.8112906524810022,4.794712209912177e-07
0.7447447447447447,-0.8152490131307204,4.704932046194876e-07
0.7457457457457457,-0.8192073737804386,4.616833000643634e-07
0.7467467467467468,-0.8231657344301574,4.530383594609144e-07
0.7477477477477478,-0.8271240950798756,4.4455529388744105e-07
0.7487487487487487,-0.8310824557295937,4.362310722617727e-07
0.7497497497497497,-0.8350408163793119,4.280627202582323e-07
0.7507507507507507,-0.8389991770290302,4.200473192448811e-07
0.7517517517517518,-0.8429575376787489,4.121820052406628e-07
0.7527527527527528,-0.8469158983284671,4.0446396789207504e-07
0.7537537537537538,-0.8508742589781852,3.968904494690027e-07
0.7547547547547547,-0.8548326196279035,3.8945874387935423e-07
0.7557557557557557,-0.8587909802776217,3.821661957021482e-07
0.7567567567567568,-0.8627493409273405,3.7501019923870553e-07
0.7577577577577578,-0.8667077015770586,3.679881975816081e-07
0.7587587587587588,-0.8706660622267768,3.610976817010906e-07
0.7597597597597597,-0.874624422876495,3.5433618954853957e-07
0.7607607607607607,-0.8785827835262131,3.4770130517677974e-07
0.7617617617617618,-0.882541144175932,3.4119065787683215e-07
0.7627627627627628,-0.8864995048256501,3.348019213308369e-07
0.7637637637637638,-0.8904578654753683,3.2853281278083703e-07
0.7647647647647647,-0.8944162261250865,3.223810922131266e-07
0.7657657657657657,-0.8983745867748046,3.163445615578724e-07
0.7667667667667668,-0.9023329474245235,3.1042106390372146e-07
0.7677677677677678,-0.9062913080742416,3.0460848272711624e-07
0.7687687687687688,-0.9102496687239598,2.989047411360396e-07
0.7697697697697697,-0.9142080293736781,2.9330780112792123e-07
0.7707707707707707,-0.9181663900233962,2.878156628614394e-07
0.7717717717717718,-0.922124750673115,2.8242636394195814e-07
0.7727727727727728,-0.9260831113228332,2.771379787203443e-07
0.7737737737737738,-0.9300414719725514,2.719486176049146e-07
0.7747747747747747,-0.9339998326222696,2.668564263862658e-07
0.7757757757757757,-0.9379581932719877,2.618595855747478e-07
0.7767767767767768,-0.9419165539217065,2.5695630975034207e-07
0.7777777777777778,-0.9458749145714247,2.5214484692471363e-07
0.7787787787787788,-0.9498332752211429,2.4742347791520866e-07
0.7797797797797797,-0.953791635870861,2.427905157305735e-07
0.7807807807807807,-0.9577499965205792,2.3824430496817657e-07
0.7817817817817818,-0.961708357170298,2.3378322122251643e-07
0.7827827827827828,-0.9656667178200162,2.2940567050480612e-07
0.7837837837837838,-0.9696250784697344,2.2511008867342527e-07
0.7847847847847848,-0.9735834391194526,2.208949408750371e-07
0.7857857857857857,-0.9775417997691708,2.1675872099617026e-07
0.7867867867867868,-0.9815001604188895,2.1269995112506981e-07
0.7877877877877878,-0.9854585210686078,2.08717181023625e-07
0.7887887887887888,-0.989416881718326,2.0480898760918485e-07
0.7897897897897898,-0.9933752423680441,2.0097397444607698e-07
0.7907907907907907,-0.9973336030177622,1.9721077124664744e-07
0.7917917917917918,-1.001291963667481,1.9351803338164355e-07
0.7927927927927928,-1.0052503243171993,1.8989444139976477e-07
0.7937937937937938,-1.0092086849669175,1.8633870055620983e-07
0.7947947947947948,-1.0131670456166355,1.828495403500518e-07
0.7957957957957957,-1.0171254062663537,1.7942571407027565e-07
0.7967967967967968,-1.0210837669160726,1.760659983503163e-07
0.7977977977977978,-1.0250421275657908,1.7276919273093775e-07
0.7987987987987988,-1.0290004882155088,1.6953411923129727e-07
0.7997997997997998,-1.0329588488652273,1.663596219280414e-07
0.8008008008008007,-1.0369172095149453,1.6324456654228314e-07
0.8018018018018018,-1.0408755701646641,1.6018784003431313e-07
0.8028028028028028,-1.0448339308143824,1.5718835020589967e-07
0.8038038038038038,-1.0487922914641006,1.5424502531003558e-07
0.8048048048048048,-1.0527506521138186,1.5135681366799256e-07
0.8058058058058059,-1.0567090127635375,1.485226832935461e-07
0.8068068068068068,-1.0606673734132557,1.4574162152423677e-07
0.8078078078078078,-1.064625734062974,1.4301263465953596e-07
0.8088088088088088,-1.068584094712692,1.4033474760578706e-07
0.8098098098098098,-1.07254245536241,1.3770700352779485e-07
0.8108108108108109,-1.076500816012129,1.3512846350693908e-07
0.8118118118118118,-1.0804591766618472,1.325982062056896e-07
0.8128128128128128,-1.0844175373115652,1.301153275384035e-07
0.8138138138138138,-1.0883758979612836,1.2767894034828638e-07
0.8148148148148148,-1.0923342586110016,1.2528817409040277e-07
0.8158158158158159,-1.0962926192607205,1.229421745206217e-07
0.8168168168168168,-1.1002509799104387,1.2064010339038703e-07
0.8178178178178178,-1.104209340560157,1.1838113814720313e-07
0.8188188188188188,-1.0894169610636848,1.1616447164072871e-07
0.8198198198198198,-1.063909872912245,1.1398931183437416e-07
0.8208208208208209,-1.0384027847608008,1.1185488152229919e-07
0.8218218218218218,-1.012895696609361,1.0976041805170951e-07
0.8228228228228228,-0.9873886084579211,1.0770517305035366e-07
0.8238238238238238,-0.9618815203064812,1.0568841215912218e-07
0.8248248248248248,-0.9363744321550412,1.0370941476965397e-07
0.8258258258258259,-0.9108673440035973,1.017674737668559e-07
0.8268268268268268,-0.8853602558521573,9.986189527624368e-08
0.8278278278278278,-0.8598531677007174,9.79919984160137e-08
0.8288288288288288,-0.8343460795492774,9.615711505375736e-08
0.8298298298298298,-0.8088389913978375,9.435658956773079e-08
0.8308308308308309,-0.7833319032463936,9.258977861259482e-08
0.8318318318318318,-0.7578248150949536,9.085605088954141e-08
0.8328328328328328,-0.7323177269435137,8.915478692072443e-08
0.8338338338338338,-0.7068106387920738,8.748537882791413e-08
0.8348348348348348,-0.681303550640634,8.584723011529638e-08
0.8358358358358359,-0.6557964624891899,8.423975545633884e-08
0.8368368368368369,-0.63028937433775,8.26623804846481e-08
0.8378378378378378,-0.60478228618631,8.111454158874293e-08
0.8388388388388388,-0.5792751980348702,7.959568571067041e-08
0.8398398398398398,-0.5537681098834303,7.810527014839296e-08
0.8408408408408409,-0.5282610217319862,7.664276236187553e-08
0.8418418418418419,-0.5027539335805463,7.520763978280392e-08
0.8428428428428428,-0.47724684542910645,7.379938962786592e-08
0.8438438438438438,-0.45173975727766646,7.241750871552895e-08
0.8448448448448448,-0.4262326691262266,7.106150328624827e-08
0.8458458458458459,-0.4007255809747825,6.973088882604197e-08
0.8468468468468469,-0.37521849282334263,6.84251898933693e-08
0.8478478478478478,-0.34971140467190276,6.714393994925084e-08
0.8488488488488488,-0.3242043165204628,6.588668119056953e-08
0.8498498498498498,-0.2986972283690229,6.465296438649313e-08
0.8508508508508509,-0.2731901402175789,6.344234871795971e-08
0.8518518518518519,-0.24768305206613894,6.225440162016865e-08
0.8528528528528528,-0.22217596391469907,6.108869862802104e-08
0.8538538538538538,-0.1966688757632592,5.994482322445411e-08
0.8548548548548548,-0.17116178761181922,5.8822366691615676e-08
0.8558558558558559,-0.14565469946037524,5.772092796482521e-08
0.8568568568568569,-0.12014761130893536,5.664011348926955e-08
0.8578578578578578,-0.09464052315749538,5.55795370793819e-08
0.8588588588588588,-0.06913343500605551,5.453881978085397e-08
0.8598598598598598,-0.04362634685461564,5.351758973523187e-08
0.8608608608608609,-0.018119258703171548,5.2515482047047504e-08
0.8618618618618619,0.007387829448268324,5.153213865343781e-08
0.8628628628628628,0.032894917599708196,5.0567208196205414e-08
0.8638638638638638,0.05840200575114807,4.962034589627494e-08
0.8648648648648649,0.08390909390259216,4.8691213430500056e-08
0.8658658658658659,0.10941618205403203,4.77794788107773e-08
0.8668668668668669,0.13492327020547212,4.688481626542351e-08
0.8678678678678678,0.160430358356912,4.600690612277443e-08
0.8688688688688688,0.18593744650835187,4.514543469696286e-08
0.8698698698698699,0.21144453465979596,4.430009417583567e-08
0.8708708708708709,0.23695162281123583,4.347058251096951e-08
0.8718718718718719,0.2624587109626757,4.2656603309745925e-08
0.8728728728728729,0.2879657991141156,4.185786572944742e-08
0.8738738738738738,0.31347288726555544,4.1074084373336496e-08
0.8748748748748749,0.33897997541699953,4.03049791886806e-08
0.8758758758758759,0.3644870635684394,3.955027536668657e-08
0.8768768768768769,0.3899941517198793,3.880970324430876e-08
0.8778778778778779,0.41550123987131937,3.80829982078958e-08
0.8788788788788788,0.44100832802275924,3.7369900598641546e-08
0.8798798798798799,0.4665154161742031,3.667015561980646e-08
0.8808808808808809,0.4920225043256432,3.598351324567627e-08
0.8818818818818819,0.5175295924770831,3.5309728132225287e-08
0.8828828828828829,0.543036680628523,3.4648559529452644e-08
0.8838838838838838,0.5685437687799628,3.3999771195359934e-08
0.8848848848848849,0.5940508569314069,3.336313131153965e-08
0.8858858858858859,0.6195579450828468,3.2738412400344204e-08
0.8868868868868869,0.6450650332342867,3.212539124360595e-08
0.8878878878878879,0.6705721213857265,3.152384880287912e-08
0.8888888888888888,0.6960792095371664,3.09335701411753e-08
0.8898898898898899,0.7215862976886105,3.03543443461643e-08
0.8908908908908909,0.7470933858400504,2.978596445481314e-08
0.8918918918918919,0.7726004739914905,2.9228227379436136e-08
0.8928928928928929,0.7981075621429303,2.868093383512968e-08
0.8938938938938938,0.8236146502943702,2.8143888268565806e-08
0.8948948948948949,0.8491217384458143,2.7616898788119065e-08
0.8958958958958959,0.8746288265972542,2.7099777095301787e-08
0.8968968968968969,0.900135914748694,2.6592338417483183e-08
0.8978978978978979,0.9256430029001341,2.6094401441868284e-08
0.8988988988988988,0.9511500910515738,2.56057882507131e-08
0.8998998998998999,0.9766571792030179,2.512632425775289e-08
0.9009009009009009,1.002164267354458,2.465583814582077e-08
0.9019019019019019,1.0276713555058976,2.419416180563442e-08
0.9029029029029029,1.0531784436573377,2.3741130275728996e-08
0.9039039039039038,1.0786855318087774,2.329658168351479e-08
0.9049049049049049,1.1041926199602214,2.2860357187438573e-08
0.9059059059059059,1.1296997081116615,2.2432300920227948e-08
0.9069069069069069,1.1552067962631012,2.2012259933198464e-08
0.9079079079079079,1.1807138844145413,2.1600084141603552e-08
0.9089089089089089,1.2062209725659814,2.1195626271007778e-08
0.9099099099099099,1.2106750988256665,2.0798741804664247e-08
0.9109109109109109,1.2104507891094032,2.0409288931877366e-08
0.9119119119119119,1.2102264793931399,2.0027128497332492e-08
0.9129129129129129,1.2100021696768766,1.965212395137438e-08
0.9139139139139139,1.209777859960613,1.9284141301216656e-08
0.914914914914915,1.2095535502443497,1.8923049063064888e-08
0.9159159159159159,1.2093292405280864,1.8568718215136143e-08
0.9169169169169169,1.2091049308118231,1.8221022151558244e-08
0.9179179179179179,1.2088806210955598,1.7879836637132253e-08
0.9189189189189189,1.2086563113792965,1.7545039762942023e-08
0.91991991991992,1.208432001663033,1.721651190279495e-08
0.9209209209209209,1.2082076919467697,1.689413567047837e-08
0.9219219219219219,1.2079833822305064,1.6577795877816317e-08
0.9229229229229229,1.207759072514243,1.6267379493511658e-08
0.9239239239239239,1.2075347627979798,1.5962775602758912e-08
0.924924924924925,1.2073104530817163,1.5663875367613312e-08
0.9259259259259259,1.207086143365453,1.5370571988101932e-08
0.9269269269269269,1.2068618336491896,1.508276066406302e-08
0.9279279279279279,1.2066375239329263,1.4800338557699885e-08
0.9289289289289289,1.206413214216663,1.452320475683593e-08
0.92992992992993,1.2061889045003995,1.425126023885776e-08
0.9309309309309309,1.2059645947841362,1.3984407835333432e-08
0.9319319319319319,1.205740285067873,1.3722552197293223e-08
0.9329329329329329,1.2055159753516096,1.3465599761160511e-08
0.933933933933934,1.2052916656353463,1.3213458715320602e-08
0.934934934934935,1.205067355919083,1.2966038967315537e-08
0.9359359359359359,1.2048430462028195,1.272325211165318e-08
0.9369369369369369,1.2046187364865562,1.248501139821907e-08
0.9379379379379379,1.2043944267702928,1.225123170127976e-08
0.938938938938939,1.2041701170540295,1.2021829489066562e-08
0.93993993993994,1.2039458073377662,1.1796722793928827e-08
0.9409409409409409,1.203721497621503,1.1575831183046108e-08
0.9419419419419419,1.2034971879052394,1.135907572968872e-08
0.9429429429429429,1.203272878188976,1.1146378985016458e-08
0.943943943943944,1.2030485684727128,1.0937664950405361e-08
0.944944944944945,1.2028242587564495,1.073285905029267e-08
0.9459459459459459,1.2025999490401862,1.0531888105530244e-08
0.9469469469469469,1.2023756393239227,1.033468030723694e-08
0.9479479479479479,1.2021513296076594,1.01411651911406e-08
0.948948948948949,1.201927019891396,9.951273612400472e-09
0.94994994994995,1.2017027101751327,9.764937720901087e-09
0.950950950950951,1.2014784004588694,9.582090937008754e-09
0.9519519519519519,1.2012540907426061,9.402667927781999e-09
0.9529529529529529,1.2010297810263426,9.226604583627472e-09
0.953953953953954,1.2008054713100793,9.053837995392962e-09
0.954954954954955,1.200581161593816,8.884306431889345e-09
0.955955955955956,1.2003568518775527,8.717949317833421e-09
0.9569569569569569,1.2001325421612894,8.55470721220378e-09
0.9579579579579579,1.199908232445026,8.394521787001942e-09
0.958958958958959,1.1996839227287626,8.237335806411193e-09
0.95995995995996,1.1994596130124993,8.083093106345672e-09
0.960960960960961,1.199235303296236,7.931738574382387e-09
0.9619619619619619,1.1990109935799727,7.78321813006902e-09
0.9629629629629629,1.1987866838637093,7.637478705600442e-09
0.963963963963964,1.1985623741474458,7.494468226857075e-09
0.964964964964965,1.1983380644311825,7.3541355947982965e-09
0.965965965965966,1.1981137547149192,7.216430667204256e-09
0.9669669669669669,1.197889444998656,7.081304240759567e-09
0.9679679679679679,1.1976651352823926,6.948708033472487e-09
0.968968968968969,1.197440825566129,6.8185946674232845e-09
0.96996996996997,1.1972165158498658,6.690917651835651e-09
0.970970970970971,1.1969922061336025,6.565631366465087e-09
0.9719719719719719,1.1967678964173392,6.442691045298349e-09
0.9729729729729729,1.1965435867010759,6.322052760558113e-09
0.973973973973974,1.1963192769848126,6.2036734070071485e-09
0.974974974974975,1.196094967268549,6.0875106865463995e-09
0.975975975975976,1.1958706575522857,5.9735230931014605e-09
0.9769769769769769,1.1956463478360224,5.8616698977920494e-09
0.9779779779779779,1.1954220381197591,5.75191113437918e-09
0.978978978978979,1.1951977284034958,5.644207584984839e-09
0.97997997997998,1.1949734186872325,5.538520766079049e-09
0.980980980980981,1.194749108970969,5.434812914729332e-09
0.9819819819819819,1.1945247992547057,5.333046975107642e-09
0.9829829829829829,1.1943004895384424,5.23318658524996e-09
0.983983983983984,1.194076179822179,5.135196064063803e-09
0.984984984984985,1.1938518701059158,5.039040398579027e-09
0.985985985985986,1.1936275603896525,4.944685231437347e-09
0.986986986986987,1.193403250673389,4.852096848616119e-09
0.9879879879879879,1.1931789409571256,4.76124216738199e-09
0.988988988988989,1.1929546312408623,4.672088724470116e-09
0.98998998998999,1.192730321524599,4.584604664484717e-09
0.990990990990991,1.1925060118083357,4.498758728516835e-09
0.991991991991992,1.1922817020920722,4.4145202429752235e-09
0.992992992992993,1.1920573923758089,4.3318591086263664e-09
0.993993993993994,1.1918330826595456,4.250745789839736e-09
0.994994994994995,1.1916087729432823,4.171151304034418e-09
0.995995995995996,1.191384463227019,4.093047211323356e-09
0.996996996996997,1.1911601535107557,4.016405604351499e-09
0.997997997997998,1.1909358437944921,3.941199098324234e-09
0.998998998998999,1.1907115340782288,3.867400821222529e-09
1.0,1.1904872243619655,3.794984404201299e-09
