tau,phi_data,phi_sim_v2
0.0,0.6028238917084621,0.6028238917084621
0.001001001001001001,0.597337055164298,0.5938404950745075
0.002002002002002002,0.5918502186201341,0.5855981725629799
0.003003003003003003,0.58636338207597,0.5791225103529803
0.004004004004004004,0.5808765455318061,0.5716376678252805
0.005005005005005005,0.5753897089876421,0.56497905579615
0.006006006006006006,0.5699028724434781,0.5580652646243542
0.007007007007007007,0.5644160358993141,0.5500283662768605
0.008008008008008008,0.5589291993551502,0.5432776305399574
0.009009009009009009,0.5534423628109861,0.535757000696232
0.01001001001001001,0.5479555262668222,0.5283302929521007
0.011011011011011011,0.5424686897226582,0.5214220378008656
0.012012012012012012,0.5369818531784942,0.5129806618391479
0.013013013013013013,0.5314950166343302,0.5073720336190072
0.014014014014014014,0.5260081800901663,0.4999726534260299
0.015015015015015015,0.5205213435460022,0.49434441918491084
0.016016016016016016,0.5150345070018383,0.4879260007326489
0.017017017017017015,0.5095476704576742,0.48298979787657775
0.018018018018018018,0.5040608339135103,0.4759248510748248
0.01901901901901902,0.49857399736934627,0.46930210667952615
0.02002002002002002,0.4930871608251823,0.4634173923204202
0.02102102102102102,0.4876003242810183,0.45506291970433466
0.022022022022022022,0.4821134877368543,0.44985765615579826
0.023023023023023025,0.4766266511926903,0.44543583640134093
0.024024024024024024,0.47113981464852633,0.440657409966686
0.025025025025025023,0.46565297810436235,0.4355699346437617
0.026026026026026026,0.46016614156019836,0.4296482687108887
0.02702702702702703,0.4546793050160344,0.42523443193096633
0.028028028028028028,0.4491924684718704,0.4206710417739751
0.029029029029029027,0.4437056319277064,0.415486069093576
0.03003003003003003,0.4382187953835424,0.40998195335256366
0.031031031031031032,0.43273195883937843,0.4041835722961397
0.03203203203203203,0.4272451222952144,0.39759274157986163
0.03303303303303303,0.42175828575105045,0.3935482239430879
0.03403403403403403,0.41627144920688647,0.38615566068523033
0.035035035035035036,0.4107846126627225,0.38066482110032934
0.036036036036036036,0.40529777611855844,0.3757818510727437
0.037037037037037035,0.3998109395743945,0.3716598252472516
0.03803803803803804,0.39432410303023047,0.36849513912752796
0.03903903903903904,0.3888372664860665,0.3646033093407445
0.04004004004004004,0.3833504299419025,0.3594769528531214
0.04104104104104104,0.37786359339773856,0.3554392401488241
0.04204204204204204,0.3723767568535745,0.34946334685144903
0.043043043043043044,0.3668899203094106,0.34626092539348013
0.044044044044044044,0.36140308376524655,0.341512965342648
0.04504504504504504,0.35591624722108256,0.3363101603579721
0.04604604604604605,0.3504294106769186,0.33121107697289476
0.04704704704704705,0.3449425741327546,0.3267578831329438
0.04804804804804805,0.3394557375885906,0.3220319821136019
0.04904904904904905,0.33396890104442667,0.32005412554023444
0.050050050050050046,0.3284820645002627,0.31509139262377994
0.05105105105105105,0.32299522795609864,0.3109460046627987
0.05205205205205205,0.31750839141193465,0.30685102103818335
0.05305305305305305,0.31202155486777067,0.30281055826133807
0.05405405405405406,0.3065347183236066,0.2988507717906822
0.055055055055055056,0.3010478817794427,0.29440604487337535
0.056056056056056056,0.2955610452352787,0.2899183072686924
0.057057057057057055,0.2900742086911147,0.28521104384214085
0.058058058058058054,0.28458737214695073,0.2799395567296341
0.05905905905905906,0.2791005356027867,0.2764441557736545
0.06006006006006006,0.27361369905862276,0.2737639412642284
0.06106106106106106,0.2681268625144588,0.26959027620790266
0.062062062062062065,0.26264002597029473,0.26545640639993984
0.06306306306306306,0.2571531894261308,0.2616197251946436
0.06406406406406406,0.25166635288196676,0.25768961615242525
0.06506506506506507,0.24617951633780277,0.2528350127003525
0.06606606606606606,0.24069267979363884,0.25084896196673084
0.06706706706706707,0.2352058432494748,0.2479622105599138
0.06806806806806806,0.22971900670531087,0.24396188995029167
0.06906906906906907,0.22423217016114683,0.24102448919731564
0.07007007007007007,0.21874533361698284,0.23738967220037524
0.07107107107107107,0.2132584970728189,0.2340300987997193
0.07207207207207207,0.20777166052865487,0.2312912498944526
0.07307307307307308,0.20228482398449082,0.2291783076504987
0.07407407407407407,0.1967979874403269,0.22766050922477654
0.07507507507507508,0.1913111508961629,0.22634740629353906
0.07607607607607608,0.18582431435199892,0.22309699187991738
0.07707707707707707,0.18033747780783493,0.21963853607527153
0.07807807807807808,0.1748506412636709,0.21682588451711796
0.07907907907907907,0.16936380471950696,0.21407930245804632
0.08008008008008008,0.16387696817534297,0.2105057108158815
0.08108108108108109,0.158390131631179,0.20709336451643867
0.08208208208208208,0.152903295087015,0.20516144921736765
0.08308308308308308,0.14741645854285096,0.2040845072530915
0.08408408408408408,0.14192962199868703,0.20115167321966956
0.08508508508508508,0.13644278545452304,0.1978358415393259
0.08608608608608609,0.13095594891035905,0.1949289358715332
0.08708708708708708,0.12546911236619507,0.19134810237643426
0.08808808808808809,0.11998227582203103,0.18853773235710308
0.0890890890890891,0.11449543927786704,0.18646063902248536
0.09009009009009009,0.10900860273370305,0.18390679600046825
0.09109109109109109,0.10394931189427917,0.1827040540564293
0.0920920920920921,0.10081397672618544,0.1804324858125775
0.09309309309309309,0.09767864155809178,0.17852160001868184
0.0940940940940941,0.09454330638999804,0.17600554449657624
0.09509509509509509,0.09140797122190437,0.1749887403318451
0.0960960960960961,0.08827263605381064,0.1714448668601782
0.0970970970970971,0.0851373008857169,0.16886765814717594
0.0980980980980981,0.08200196571762323,0.16545365423484845
0.0990990990990991,0.0788666305495295,0.16408688325623005
0.10010010010010009,0.07573129538143583,0.16276230815393883
0.1011011011011011,0.07259596021334211,0.16008783922639555
0.1021021021021021,0.06946062504524837,0.1596248900161352
0.1031031031031031,0.0663252898771547,0.15721074614248795
0.1041041041041041,0.06318995470906097,0.153741411450592
0.10510510510510511,0.06005461954096724,0.15142135510799998
0.1061061061061061,0.05691928437287357,0.14977392897912103
0.10710710710710711,0.053783949204779836,0.14755333975157364
0.10810810810810811,0.05064861403668611,0.14786460997831996
0.1091091091091091,0.04751327886859244,0.1467602073497971
0.11011011011011011,0.044377943700498704,0.1465472183648457
0.1111111111111111,0.04124260853240504,0.1459913138220028
0.11211211211211211,0.0381072733643113,0.14236803555969815
0.11311311311311312,0.03497193819621758,0.1401021364137016
0.11411411411411411,0.0318366030281239,0.1355132023292987
0.11511511511511512,0.028701267860030175,0.13306928941835613
0.11611611611611611,0.025565932691936508,0.1324210464006377
0.11711711711711711,0.02243059752384277,0.12982112328612302
0.11811811811811812,0.019295262355749035,0.1274624038501784
0.11911911911911911,0.016159927187655368,0.12609874680049293
0.12012012012012012,0.013024592019561632,0.12521481545939192
0.12112112112112113,0.009889256851467909,0.12319783015354081
0.12212212212212212,0.006753921683374242,0.12130819134859588
0.12312312312312312,0.003618586515280506,0.12050946839089309
0.12412412412412413,0.00048325134718676943,0.11916585779171202
0.12512512512512514,-0.002652083820906967,0.11730017777152855
0.12612612612612611,-0.0057874189890005645,0.11605962682779032
0.12712712712712712,-0.0089227541570943,0.11459690465594985
0.12812812812812813,-0.012058089325188023,0.11333226789774951
0.12912912912912913,-0.01519342449328176,0.11383274649257631
0.13013013013013014,-0.018328759661375496,0.11201784102059716
0.13113113113113112,-0.021464094829469094,0.10999221098999125
0.13213213213213212,-0.024599429997562844,0.10994878927758582
0.13313313313313313,-0.027734765165656566,0.10778449043449487
0.13413413413413414,-0.03087010033375029,0.10807690775812558
0.13513513513513514,-0.03400543550184404,0.10644944442040082
0.13613613613613612,-0.03714077066993762,0.10511186644492114
0.13713713713713713,-0.04027610583803137,0.10445247361106379
0.13813813813813813,-0.043411441006125095,0.10428178552700139
0.13913913913913914,-0.04654677617421882,0.10389703335056145
0.14014014014014015,-0.04968211134231257,0.10231554704320223
0.14114114114114115,-0.05281744651040629,0.10059207438828659
0.14214214214214213,-0.0559527816784999,0.09960607062146455
0.14314314314314314,-0.059088116846593625,0.09842017446279701
0.14414414414414414,-0.062223452014687375,0.09647223302335234
0.14514514514514515,-0.0653587871827811,0.09560417600822156
0.14614614614614616,-0.06849412235087482,0.09533160471979406
0.14714714714714713,-0.07162945751896843,0.0942342062978365
0.14814814814814814,-0.07476479268706215,0.09455025099196697
0.14914914914914915,-0.0779001278551559,0.0937072525770338
0.15015015015015015,-0.08103546302324963,0.09230875028567408
0.15115115115115116,-0.08417079819134335,0.09118507593880498
0.15215215215215216,-0.08730613335943704,0.08941531547299582
0.15315315315315314,-0.09044146852753071,0.08719736180099866
0.15415415415415415,-0.09357680369562443,0.08651815342188322
0.15515515515515516,-0.09671213886371816,0.08451684122695136
0.15615615615615616,-0.0998474740318119,0.08303751970010918
0.15715715715715717,-0.10298280919990557,0.08184717486437625
0.15815815815815815,-0.10611814436799924,0.08114739269243919
0.15915915915915915,-0.10925347953609296,0.08053302339292918
0.16016016016016016,-0.11238881470418668,0.0795194546778573
0.16116116116116116,-0.11552414987228043,0.07653180689960667
0.16216216216216217,-0.1186594850403741,0.07531021593581894
0.16316316316316315,-0.12179482020846777,0.07353530671650729
0.16416416416416416,-0.12493015537656149,0.07244878903737507
0.16516516516516516,-0.12806549054465524,0.0724804557868019
0.16616616616616617,-0.13120082571274896,0.0723250140835721
0.16716716716716717,-0.13433616088084263,0.07158655439378918
0.16816816816816815,-0.1374714960489363,0.07114360172828832
0.16916916916916916,-0.14060683121703002,0.06871035833537112
0.17017017017017017,-0.14374216638512377,0.06799433973170908
0.17117117117117117,-0.14687750155321752,0.06771788873151786
0.17217217217217218,-0.1500128367213112,0.0661131333632155
0.17317317317317318,-0.1531481718894049,0.06564188374069543
0.17417417417417416,-0.15628350705749858,0.06439028230954273
0.17517517517517517,-0.1594188422255923,0.0645379924998792
0.17617617617617617,-0.16255417739368602,0.0647917641470183
0.17717717717717718,-0.1656895125617797,0.06339732412296056
0.1781781781781782,-0.1688248477298734,0.06402107939206458
0.17917917917917917,-0.17196018289796708,0.06298190628824048
0.18018018018018017,-0.17509551806606086,0.06421079147829414
0.18118118118118118,-0.17823085323415458,0.06286732714871789
0.18218218218218218,-0.17963790614845404,0.06209754319522082
0.1831831831831832,-0.1780204651186137,0.06148754905972908
0.1841841841841842,-0.17640302408877334,0.05992069286819524
0.18518518518518517,-0.17478558305893305,0.05739905373484969
0.18618618618618618,-0.1731681420290927,0.05583755315161607
0.1871871871871872,-0.17155070099925235,0.056177848358925656
0.1881881881881882,-0.169933259969412,0.055103949383094514
0.1891891891891892,-0.16831581893957165,0.05404625198545004
0.19019019019019018,-0.16669837790973135,0.05484793323911
0.19119119119119118,-0.165080936879891,0.054614696012272014
0.1921921921921922,-0.16346349585005063,0.05459353099518309
0.1931931931931932,-0.16184605482021028,0.054719934208970415
0.1941941941941942,-0.16022861379036993,0.05308603609585295
0.19519519519519518,-0.15861117276052963,0.05250698037616265
0.1961961961961962,-0.15699373173068928,0.05196111899825418
0.1971971971971972,-0.15537629070084893,0.05111310270006051
0.1981981981981982,-0.15375884967100859,0.04934123057624267
0.1991991991991992,-0.15214140864116824,0.04915122294173206
0.20020020020020018,-0.15052396761132794,0.04683936780613959
0.2012012012012012,-0.1489065265814876,0.045280285439400554
0.2022022022022022,-0.14728908555164721,0.04386973256836427
0.2032032032032032,-0.14567164452180686,0.04287548731546278
0.2042042042042042,-0.14405420349196651,0.04314890425370352
0.20520520520520522,-0.14243676246212617,0.04423509999556629
0.2062062062062062,-0.14081932143228587,0.045372573643295264
0.2072072072072072,-0.13920188040244552,0.04557801179307709
0.2082082082082082,-0.13758443937260517,0.0454137934443084
0.2092092092092092,-0.13596699834276482,0.042472730830968114
0.21021021021021022,-0.13434955731292447,0.043040804579492116
0.2112112112112112,-0.13273211628308418,0.045101673068865776
0.2122122122122122,-0.13111467525324383,0.04495696660594102
0.2132132132132132,-0.12949723422340348,0.04459512273827396
0.21421421421421422,-0.12787979319356313,0.0447031984580672
0.21521521521521522,-0.12626235216372275,0.04483980384381538
0.21621621621621623,-0.1246449111338824,0.04438029132118872
0.2172172172172172,-0.12302747010404211,0.04341763037042914
0.2182182182182182,-0.12141002907420176,0.04320404543571615
0.21921921921921922,-0.11979258804436141,0.041258008877684674
0.22022022022022023,-0.11817514701452106,0.038826627766159166
0.22122122122122123,-0.1165577059846807,0.03967409791926593
0.2222222222222222,-0.11494026495484042,0.03868951005101362
0.22322322322322322,-0.11332282392500005,0.03889316955559062
0.22422422422422422,-0.1117053828951597,0.0399336065801402
0.22522522522522523,-0.11008794186531935,0.04062559939750279
0.22622622622622623,-0.10847050083547899,0.039532968066827566
0.2272272272272272,-0.10685305980563871,0.03933385050180094
0.22822822822822822,-0.10523561877579836,0.03764503984204321
0.22922922922922923,-0.103618177745958,0.03704119881684683
0.23023023023023023,-0.10200073671611765,0.03759710635774605
0.23123123123123124,-0.1003832956862773,0.037130636995698955
0.23223223223223222,-0.098765854656437,0.033784071073791284
0.23323323323323322,-0.09714841362659665,0.03108258632589041
0.23423423423423423,-0.09553097259675629,0.029868051514839983
0.23523523523523523,-0.09391353156691594,0.030806585307391075
0.23623623623623624,-0.09229609053707559,0.030597382700896587
0.23723723723723725,-0.09067864950723524,0.030333084058332124
0.23823823823823823,-0.08906120847739495,0.028613590939095518
0.23923923923923923,-0.0874437674475546,0.028380760540401617
0.24024024024024024,-0.08582632641771423,0.02572698941981282
0.24124124124124124,-0.08420888538787388,0.025728030719775613
0.24224224224224225,-0.08259144435803353,0.0265673046471436
0.24324324324324323,-0.08097400332819324,0.02539662349964028
0.24424424424424424,-0.07935656229835289,0.026145352565712095
0.24524524524524524,-0.07773912126851253,0.025078056125950186
0.24624624624624625,-0.07612168023867218,0.02489305002719658
0.24724724724724725,-0.07450423920883183,0.024426902559247583
0.24824824824824826,-0.07288679817899148,0.024196969791566457
0.24924924924924924,-0.07126935714915118,0.02540460660579333
0.2502502502502503,-0.06965191611931076,0.02594984632486464
0.25125125125125125,-0.06803447508947047,0.024927358396723786
0.25225225225225223,-0.06641703405963019,0.021829098278058973
0.25325325325325326,-0.06479959302978977,0.02243534930012434
0.25425425425425424,-0.06318215199994948,0.022902536719228744
0.2552552552552553,-0.06156471097010906,0.022764532360319393
0.25625625625625625,-0.05994726994026876,0.02190393117920095
0.25725725725725723,-0.05832982891042848,0.023213498707204183
0.25825825825825827,-0.056712387880588064,0.021116693003891684
0.25925925925925924,-0.055094946850747784,0.02005152774870596
0.2602602602602603,-0.05347750582090735,0.01831783670824125
0.26126126126126126,-0.051860064791067056,0.01844662582292643
0.26226226226226224,-0.05024262376122679,0.017735018928082123
0.26326326326326327,-0.04862518273138636,0.01961316096328732
0.26426426426426425,-0.04700774170154606,0.019370919906329328
0.2652652652652653,-0.04539030067170566,0.018875020594320075
0.26626626626626626,-0.043772859641865364,0.019198016500652032
0.26726726726726724,-0.04215541861202507,0.018210526151886487
0.2682682682682683,-0.040537977582184664,0.01688406516197034
0.26926926926926925,-0.03892053655234437,0.017195728450004995
0.2702702702702703,-0.03730309552250394,0.01647820974804301
0.27127127127127126,-0.03568565449266364,0.017236664552070007
0.27227227227227224,-0.03406821346282338,0.017343226025644146
0.2732732732732733,-0.030367342213784655,0.017229797015040765
0.27427427427427425,-0.02493027911541433,0.01706985336114778
0.2752752752752753,-0.01949321601704357,0.01675711491872885
0.27627627627627627,-0.014056152918673247,0.016942856477397704
0.2772772772772773,-0.008619089820302486,0.01632057508588013
0.2782782782782783,-0.003182026721932161,0.014144504223219698
0.27927927927927926,0.0022550363764381604,0.014034829822029098
0.2802802802802803,0.007692099474808922,0.013387673511074921
0.28128128128128127,0.013129162573179247,0.011831857621458153
0.2822822822822823,0.01856622567155001,0.01245643675179542
0.2832832832832833,0.024003288769920333,0.011910641146083995
0.28428428428428426,0.029440351868290658,0.010005727722865338
0.2852852852852853,0.03487741496666142,0.00979821411025666
0.2862862862862863,0.04031447806503175,0.008992851212989452
0.2872872872872873,0.045751541163402513,0.007170357908381496
0.2882882882882883,0.05118860426177283,0.007387780016044743
0.28928928928928926,0.05662566736014315,0.006238209310534652
0.2902902902902903,0.06206273045851391,0.0068745821985760685
0.2912912912912913,0.06749979355688424,0.0058850392328406885
0.2922922922922923,0.07293685665525501,0.0067850295883087495
0.2932932932932933,0.07837391975362532,0.0071209112378075095
0.29429429429429427,0.08381098285199565,0.007135208458159488
0.2952952952952953,0.08924804595036642,0.006284005507684532
0.2962962962962963,0.09468510904873675,0.007106397610730086
0.2972972972972973,0.1001221721471075,0.007516228248043348
0.2982982982982983,0.10555923524547783,0.007053803032691299
0.29929929929929927,0.11099629834384817,0.0075414899939547165
0.3003003003003003,0.11643336144221891,0.006414883098638698
0.3013013013013013,0.12187042454058925,0.0050487765487446075
0.3023023023023023,0.12730748763896,0.004886168982212533
0.3033033033033033,0.13274455073733032,0.004892567640767003
0.30430430430430433,0.13818161383570088,0.005256028418765211
0.3053053053053053,0.1436186769340714,0.00525144680860328
0.3063063063063063,0.14905574003244174,0.00642376944140953
0.3073073073073073,0.15449280313081248,0.00504679651549313
0.3083083083083083,0.15992986622918282,0.005548772491496672
0.30930930930930933,0.16536692932755337,0.005701066145001212
0.3103103103103103,0.1708039924259239,0.0069830400505278434
0.3113113113113113,0.17624105552429423,0.007015487762069467
0.3123123123123123,0.181678118622665,0.007239084651504077
0.3133133133133133,0.1871151817210353,0.008906143307910673
0.31431431431431434,0.19255224481940586,0.009585138254236876
0.3153153153153153,0.1979893079177764,0.01006720675815858
0.3163163163163163,0.20342637101614672,0.009543194637103325
0.3173173173173173,0.2088634341145175,0.009555743499257884
0.3183183183183183,0.21430049721288782,0.007774970013896337
0.31931931931931934,0.21973756031125838,0.0068273060086544105
0.3203203203203203,0.22517462340962888,0.007384418726186859
0.3213213213213213,0.2306116865079992,0.005505553749117302
0.32232232232232233,0.23604874960636998,0.005525536527144748
0.3233233233233233,0.24148581270474032,0.005470121516023391
0.32432432432432434,0.24692287580311087,0.005787077427848602
0.3253253253253253,0.25235993890148134,0.004012346667878723
0.3263263263263263,0.25779700199985167,0.0019262501284197943
0.32732732732732733,0.26323406509822245,0.0030113813274575997
0.3283283283283283,0.2686711281965928,0.003082281825783992
0.32932932932932935,0.27410819129496333,0.003451984236675994
0.3303303303303303,0.2795452543933339,0.005024461608093685
0.3313313313313313,0.28498231749170416,0.005131850639260549
0.33233233233233234,0.29041938059007494,0.003097688661105869
0.3333333333333333,0.29585644368844527,0.0027442133687483076
0.33433433433433435,0.3012935067868158,0.003527019359394483
0.3353353353353353,0.3067305698851864,0.0030544153652374353
0.3363363363363363,0.31216763298355665,0.002710739561881418
0.33733733733733734,0.31760469608192743,0.0020726362503925145
0.3383383383383383,0.32304175918029776,0.0035144985399270193
0.33933933933933935,0.3284788222786683,0.004712444003639805
0.34034034034034033,0.33391588537703887,0.0028383442099598317
0.34134134134134136,0.3393529484754094,0.004706901568571268
0.34234234234234234,0.3447900115737799,0.0038696319670166973
0.3433433433433433,0.35022707467215025,0.005847990401372495
0.34434434434434436,0.3556641377705208,0.004455198032782235
0.34534534534534533,0.36110120086889136,0.0054988427971985705
0.34634634634634637,0.3665382639672619,0.004858932626805848
0.34734734734734735,0.3719753270656324,0.004638627585250631
0.3483483483483483,0.37741239016400274,0.00546137898339962
0.34934934934934936,0.3828494532623733,0.004648565800826545
0.35035035035035034,0.38828651636074385,0.004902555359712231
0.35135135135135137,0.3937235794591144,0.0051453207630407765
0.35235235235235235,0.39916064255748496,0.006269553715711914
0.3533533533533533,0.40459770565585523,0.007554446307942683
0.35435435435435436,0.4100347687542258,0.009335171633019692
0.35535535535535534,0.41547183185259634,0.009515564072160254
0.3563563563563564,0.4209088949509669,0.009798521027389618
0.35735735735735735,0.42634595804933745,0.009099432202764974
0.35835835835835833,0.4317830211477077,0.00821112667577768
0.35935935935935936,0.4372200842460783,0.006779756881793426
0.36036036036036034,0.44265714734444883,0.006463349113263483
0.3613613613613614,0.4480942104428194,0.00653420576850664
0.36236236236236236,0.45353127354118994,0.006467801214102364
0.36336336336336333,0.45896833663956027,0.006955935903091343
0.36436436436436437,0.4473397704179971,0.0055061485212488425
0.36536536536536535,0.4293115932014589,0.007167476926580722
0.3663663663663664,0.4112834159849192,0.00737985463324063
0.36736736736736736,0.393255238768381,0.008376297693370744
0.3683683683683684,0.37522706155184127,0.008610823328585543
0.36936936936936937,0.35719888433530306,0.00761925387195231
0.37037037037037035,0.33917070711876485,0.007192033108478924
0.3713713713713714,0.32114252990222514,0.0037950857081278525
0.37237237237237236,0.30311435268568687,0.003958829642784953
0.3733733733733734,0.2850861754691472,0.003836961176162338
0.3743743743743744,0.267057998252609,0.005000312828962451
0.37537537537537535,0.24902982103607077,0.0031762920415380064
0.3763763763763764,0.2310016438195311,0.003055511334327367
0.37737737737737737,0.21297346660299285,0.0027092827954912605
0.3783783783783784,0.19494528938645317,0.001408906546194301
0.3793793793793794,0.1769171121699149,-7.940439939794282e-05
0.38038038038038036,0.1588889349533767,-0.0012550344243389654
0.3813813813813814,0.14086075773683698,-0.0002535204177442148
0.38238238238238237,0.12283258052029877,0.0007361225237186293
0.3833833833833834,0.10480440330375912,-0.0007150256641538879
0.3843843843843844,0.08677622608722085,-0.0008724432188259715
0.38538538538538536,0.06874804887068264,-0.00038701286934016767
0.3863863863863864,0.050719871654142934,-5.589530041142694e-05
0.38738738738738737,0.032691694437604724,-0.001575151464769487
0.3883883883883884,0.014663517221065014,-0.002156542021050468
0.3893893893893894,-0.003364659995473196,-0.003565119615600138
0.39039039039039036,-0.021392837212011406,-0.002500418567133481
0.3913913913913914,-0.039421014428551115,0.0001306400129930797
0.3923923923923924,-0.057449191645089326,7.898685149525193e-05
0.3933933933933934,-0.07547736886162904,-0.002069890762952131
0.3943943943943944,-0.0935055460781673,-0.0012230622568274302
0.39539539539539537,-0.11153372329470546,0.00035154965262038226
0.3963963963963964,-0.12956190051124516,0.001827040592406215
0.3973973973973974,-0.14759007772778343,0.0019676196593028644
0.3983983983983984,-0.16561825494432314,0.002471875061543699
0.3993993993993994,-0.1836464321608613,0.002534047028154283
0.40040040040040037,-0.20167460937739956,0.0032217233518415933
0.4014014014014014,-0.21970278659393927,0.00412136080772247
0.4024024024024024,-0.23773096381047742,0.0033123807604017812
0.4034034034034034,-0.25575914102701713,0.002681364480872989
0.4044044044044044,-0.2737873182435554,0.0023037988139863437
0.40540540540540543,-0.2918154954600951,0.0020427209763813894
0.4064064064064064,-0.30984367267663326,0.0022075575930326076
0.4074074074074074,-0.32787184989317153,0.0032980648580934165
0.4084084084084084,-0.34590002710971124,0.0019464554652161457
0.4094094094094094,-0.3639282043262495,0.002840071445069861
0.41041041041041043,-0.3819563815427891,0.0026052045165011234
0.4114114114114114,-0.39998455875932737,-0.00029832921599978355
0.4124124124124124,-0.41801273597586563,-0.0006934820117171488
0.4134134134134134,-0.43604091319240534,-0.0009574462081946564
0.4144144144144144,-0.4540690904089435,-0.0003959918431058623
0.41541541541541543,-0.4720972676254832,0.00019940846337481908
0.4164164164164164,-0.4901254448420215,0.0001903924224801212
0.4174174174174174,-0.5081536220585596,-0.0006273914883533503
0.4184184184184184,-0.5261817992750993,0.00033464842894950753
0.4194194194194194,-0.5442099764916375,-0.00034759708882833656
0.42042042042042044,-0.5622381537081773,-0.0015326250388044593
0.4214214214214214,-0.5802663309247156,-0.002154437465340045
0.4224224224224224,-0.5982945081412538,-0.0026650136850522315
0.42342342342342343,-0.6163226853577934,-0.0027439030834370388
0.4244244244244244,-0.6343508625743317,-0.0031559214862015668
0.42542542542542544,-0.6523790397908713,-0.0034788105714954154
0.4264264264264264,-0.6704072170074096,-0.00269031623227545
0.4274274274274274,-0.6884353942239478,-0.0018573453044725423
0.42842842842842843,-0.7064635714404874,-0.0012993314990045962
0.4294294294294294,-0.7244917486570257,-0.0015918570496260803
0.43043043043043044,-0.7425199258735653,-0.002238674783357683
0.4314314314314314,-0.7605481030901036,-0.0024409965050497555
0.43243243243243246,-0.7785762803066434,-0.002555471242011421
0.43343343343343343,-0.7966044575231817,-0.001679297000117728
0.4344344344344344,-0.8146326347397197,-0.0019375282762339908
0.43543543543543545,-0.8326608119562595,-0.003117766255523264
0.4364364364364364,-0.8506889891727978,-0.0039145382130670574
0.43743743743743746,-0.8687171663893374,-0.0020966810915829127
0.43843843843843844,-0.8867453436058756,-0.0030024740414461267
0.4394394394394394,-0.9047735208224139,-0.004227723903266298
0.44044044044044045,-0.9228016980389535,-0.004463626870388974
0.44144144144144143,-0.9408298752554918,-0.002641612455346859
0.44244244244244246,-0.9588580524720314,-0.0025100480859488183
0.44344344344344344,-0.9768862296885696,-0.0021838239780076125
0.4444444444444444,-0.9949144069051079,-0.0037330079081794245
0.44544544544544545,-1.0129425841216475,-0.00518383598362724
0.44644644644644643,-1.0309707613381858,-0.005117472786931413
0.44744744744744747,-1.0489989385547256,-0.005507686100575956
0.44844844844844844,-1.0670271157712639,-0.005044604701690513
0.4494494494494494,-1.085055292987802,-0.006081293719817843
0.45045045045045046,-1.1030834702043417,-0.004946554269643231
0.45145145145145144,-1.12111164742088,-0.003522131645420491
0.45245245245245247,-1.1391398246374196,-0.005023882860539437
0.45345345345345345,-1.1571680018539579,-0.00471188459717924
0.4544544544544544,-1.1751961790704961,-0.004928909358016449
0.45545545545545546,-1.1647213093043656,-0.0034195028584705885
0.45645645645645644,-1.151396134839968,-0.003148105715331492
0.4574574574574575,-1.138070960375569,-0.002152156532787116
0.45845845845845845,-1.1247457859111711,-0.0021999661448114686
0.45945945945945943,-1.1114206114467733,-0.001856291484967408
0.46046046046046046,-1.0980954369823743,0.00030328413752235875
0.46146146146146144,-1.0847702625179765,0.0023777020712471156
0.4624624624624625,-1.0714450880535777,0.0006480420745722147
0.46346346346346345,-1.05811991358918,0.0010210745338529793
0.46446446446446443,-1.044794739124782,0.0012490660663658445
0.46546546546546547,-1.031469564660383,0.00015764398293042158
0.46646646646646645,-1.0181443901959852,-0.0006132215573818808
0.4674674674674675,-1.0048192157315865,-0.0004199671637878226
0.46846846846846846,-0.9914940412671887,0.0005425612506668675
0.4694694694694695,-0.9781688668027897,0.001059003745965409
0.47047047047047047,-0.9648436923383918,0.0006258079953398927
0.47147147147147145,-0.951518517873994,-0.0004447177911281479
0.4724724724724725,-0.9381933434095951,-0.0025342074565984085
0.47347347347347346,-0.9248681689451974,-0.0009590521844336911
0.4744744744744745,-0.9115429944807985,-0.0015036385826346058
0.4754754754754755,-0.8982178200164006,-0.002343992156957638
0.47647647647647645,-0.8848926455520028,-0.00197494629035881
0.4774774774774775,-0.8715674710876039,-0.0020347404570207057
0.47847847847847846,-0.8582422966232061,-0.0020244352082972776
0.4794794794794795,-0.8449171221588072,-0.0013397644355055477
0.4804804804804805,-0.8315919476944094,-0.0018087038550224832
0.48148148148148145,-0.8182667732300115,-0.002843470174184573
0.4824824824824825,-0.8049415987656126,-0.0029484486279517164
0.48348348348348347,-0.7916164243012148,-0.0028437013368447393
0.4844844844844845,-0.778291249836816,-0.0038955179872735297
0.4854854854854855,-0.7649660753724181,-0.004950102302659076
0.48648648648648646,-0.7516409009080203,-0.005932896404319454
0.4874874874874875,-0.7383157264436213,-0.005037589922504195
0.48848848848848847,-0.7249905519792235,-0.0035849951188893494
0.4894894894894895,-0.7116653775148247,-0.0022627039618357187
0.4904904904904905,-0.6983402030504269,-0.0031467384737519414
0.49149149149149146,-0.685015028586029,-0.003799409537064388
0.4924924924924925,-0.6716898541216301,-0.0050275246973332365
0.4934934934934935,-0.6583646796572323,-0.003122375323856626
0.4944944944944945,-0.6450395051928334,-0.003565685521371544
0.4954954954954955,-0.6317143307284355,-0.003555990593989857
0.4964964964964965,-0.6183891562640367,-0.003985248209869152
0.4974974974974975,-0.6050639817996388,-0.0037647509099808492
0.4984984984984985,-0.591738807335241,-0.0047644998271323185
0.4994994994994995,-0.5784136328708421,-0.005322319637655888
0.5005005005005005,-0.5650884584064432,-0.0061647717069066915
0.5015015015015015,-0.5517632839420454,-0.008450547841009133
0.5025025025025025,-0.5384381094776476,-0.00808377503451116
0.5035035035035035,-0.5251129350132497,-0.007237834079575908
0.5045045045045045,-0.5117877605488519,-0.006170914844385737
0.5055055055055055,-0.49846258608445193,-0.004528467908190148
0.5065065065065065,-0.4851374116200541,-0.003517735858672104
0.5075075075075075,-0.47181223715565634,-0.003543422467824542
0.5085085085085085,-0.4584870626912585,-0.002952920441817445
0.5095095095095095,-0.44516188822686065,-0.003445424162201792
0.5105105105105106,-0.4318367137624607,-0.002606287219699557
0.5115115115115115,-0.41851153929806284,-0.0028593180700374776
0.5125125125125125,-0.4051863648336651,-0.005148795466739759
0.5135135135135135,-0.39186119036926725,-0.005112103666820689
0.5145145145145145,-0.3785360159048694,-0.004983048055925783
0.5155155155155156,-0.36521084144046945,-0.006093250957470642
0.5165165165165165,-0.3518856669760716,-0.005537809477042887
0.5175175175175175,-0.33856049251167375,-0.00427619822757212
0.5185185185185185,-0.325235318047276,-0.005376754405009338
0.5195195195195195,-0.31191014358287816,-0.004548743341132344
0.5205205205205206,-0.2985849691184782,-0.0036201751576095268
0.5215215215215215,-0.28525979465408036,-0.004523508487353614
0.5225225225225225,-0.2719346201896825,-0.0049070651779128125
0.5235235235235235,-0.25860944572528466,-0.0059362933145185055
0.5245245245245245,-0.24528427126088692,-0.006436874020443928
0.5255255255255256,-0.23195909679648685,-0.006401577993843969
0.5265265265265265,-0.21863392233208911,-0.005149308871623833
0.5275275275275275,-0.20530874786769127,-0.005720586718599469
0.5285285285285285,-0.19198357340329342,-0.007200962442394806
0.5295295295295295,-0.17865839893889557,-0.010253080715208179
0.5305305305305306,-0.1653332244744956,-0.010787253616691722
0.5315315315315315,-0.15200805001009776,-0.011958983458423425
0.5325325325325325,-0.1386828755456999,-0.011614647865356622
0.5335335335335335,-0.12535770108130206,-0.011231002241260871
0.5345345345345345,-0.11203252661690444,-0.012670614458028457
0.5355355355355356,-0.09870735215250437,-0.012139955553277168
0.5365365365365365,-0.08538217768810652,-0.012190784901494583
0.5375375375375375,-0.07205700322370867,-0.012282581290778421
0.5385385385385385,-0.05873182875931082,-0.012640821976894057
0.5395395395395395,-0.045406654294913196,-0.011511838652306974
0.5405405405405406,-0.03208147983051313,-0.010764024764798204
0.5415415415415415,-0.018756305366115278,-0.010433893446591656
0.5425425425425425,-0.005431130901717429,-0.00914346497289103
0.5435435435435435,0.00789404356268042,-0.008987462628860242
0.5445445445445445,0.021219218027078268,-0.008729468205058712
0.5455455455455456,0.032242771447626356,-0.008077878718128801
0.5465465465465466,0.020250114429668314,-0.008241447513574838
0.5475475475475475,0.008257457411710273,-0.009335384841947045
0.5485485485485485,-0.003735199606247769,-0.007447393825718146
0.5495495495495496,-0.015727856624207746,-0.006404683194587762
0.5505505505505506,-0.02772051364216578,-0.00762050467077587
0.5515515515515516,-0.03971317066012383,-0.008503653545321803
0.5525525525525525,-0.05170582767808187,-0.009457611931010534
0.5535535535535535,-0.06369848469603989,-0.010857394490862142
0.5545545545545546,-0.07569114171399988,-0.01035098860373991
0.5555555555555556,-0.08768379873195792,-0.008710100391165456
0.5565565565565566,-0.09967645574991596,-0.008207081909506544
0.5575575575575575,-0.111669112767874,-0.006537523605073521
0.5585585585585585,-0.12366176978583204,-0.006869537043269781
0.5595595595595596,-0.13565442680379203,-0.006515235654496888
0.5605605605605606,-0.14764708382175007,-0.007356381690364521
0.5615615615615616,-0.1596397408397081,-0.007237328330201219
0.5625625625625625,-0.17163239785766615,-0.006066207551593463
0.5635635635635635,-0.1836250548756242,-0.005271517881109841
0.5645645645645646,-0.19561771189358415,-0.004180264434848238
0.5655655655655656,-0.2076103689115422,-0.004532962776062083
0.5665665665665666,-0.21960302592950023,-0.003559296610434829
0.5675675675675675,-0.23159568294745828,-0.0020604400890972046
0.5685685685685685,-0.24358833996541632,-0.001468994461761951
0.5695695695695696,-0.2555809969833763,-0.002841010146432386
0.5705705705705706,-0.2675736540013343,-0.0025207256318022374
0.5715715715715716,-0.27956631101929236,-0.002242783213080529
0.5725725725725725,-0.2915589680372504,-0.002885791330432628
0.5735735735735735,-0.30355162505520844,-0.0038793490973579522
0.5745745745745746,-0.3155442820731684,-0.004641072737477732
0.5755755755755756,-0.32753693909112647,-0.0034294840945739043
0.5765765765765766,-0.3395295961090845,-0.0032508764612737095
0.5775775775775776,-0.35152225312704255,-0.0015351850130585038
0.5785785785785785,-0.3635149101450006,-0.003313608891020562
0.5795795795795796,-0.3755075671629605,-0.0028467581084361294
0.5805805805805806,-0.38750022418091856,-0.0012072446933713307
0.5815815815815816,-0.3994928811988766,0.0006419858433895722
0.5825825825825826,-0.41148553821683465,9.380842490604245e-05
0.5835835835835835,-0.4234781952347927,0.0016854965231747577
0.5845845845845846,-0.43547085225275267,0.0027581899564296784
0.5855855855855856,-0.4474635092707107,0.0039051424034266024
0.5865865865865866,-0.45945616628866875,0.004067669746368323
0.5875875875875876,-0.4714488233066268,0.005024909739834979
0.5885885885885885,-0.48344148032458484,0.005874336941702332
0.5895895895895896,-0.49543413734254477,0.005193447937168789
0.5905905905905906,-0.5074267943605029,0.0024199098454282053
0.5915915915915916,-0.5194194513784609,0.003531014992122666
0.5925925925925926,-0.531412108396419,0.0045518629054311826
0.5935935935935935,-0.543404765414377,0.005244780199220724
0.5945945945945946,-0.555397422432337,0.004780582785115669
0.5955955955955956,-0.5673900794502951,0.0043208906075330586
0.5965965965965966,-0.5793827364682531,0.002698584497264893
0.5975975975975976,-0.5913753934862112,0.004298094999490989
0.5985985985985985,-0.6033680505041692,0.004168049571271355
0.5995995995995996,-0.6153607075221291,0.004969984207698189
0.6006006006006006,-0.6273533645400872,0.004569080496414091
0.6016016016016016,-0.6393460215580452,0.002168722367333837
0.6026026026026026,-0.6513386785760032,0.0029492590873217424
0.6036036036036035,-0.6633313355939613,0.004144792116572652
0.6046046046046046,-0.6753239926119213,0.005969628802051418
0.6056056056056056,-0.6873166496298794,0.005796557952236331
0.6066066066066066,-0.6993093066478374,0.005260755654970418
0.6076076076076076,-0.7113019636657955,0.0053625360004392756
0.6086086086086087,-0.7232946206837544,0.0042685283125885615
0.6096096096096096,-0.7352872777017134,0.003353098635852455
0.6106106106106106,-0.7472799347196715,0.003938602419407445
0.6116116116116116,-0.7592725917376295,0.003667549332627383
0.6126126126126126,-0.7712652487555876,0.0031041709656789325
0.6136136136136137,-0.7832579057735466,0.003467253871384648
0.6146146146146146,-0.7952505627915055,0.0030858840294307487
0.6156156156156156,-0.8072432198094636,0.0054683964134243646
0.6166166166166166,-0.8192358768274216,0.005114813910740281
0.6176176176176176,-0.8312285338453796,0.006611730700884723
0.6186186186186187,-0.8432211908633387,0.00723600515606141
0.6196196196196196,-0.8552138478812977,0.008124786345113346
0.6206206206206206,-0.8672065048992558,0.008385115675422217
0.6216216216216216,-0.8791991619172138,0.008136295280573237
0.6226226226226226,-0.8911918189351719,0.00803910125148656
0.6236236236236237,-0.9031844759531308,0.007336974416451845
0.6246246246246246,-0.9151771329710898,0.007620371409282839
0.6256256256256256,-0.9271697899890479,0.008499426512491214
0.6266266266266266,-0.9391624470070059,0.0059555482244997085
0.6276276276276276,-0.951155104024964,0.004614449217465941
0.6286286286286287,-0.963147761042923,0.0033593223162864377
0.6296296296296297,-0.975140418060882,0.003968916601900854
0.6306306306306306,-0.9871330750788401,0.004542558370704833
0.6316316316316316,-0.9991257320967981,0.004069169377507695
0.6326326326326326,-1.0111183891147562,0.0055218429052953655
0.6336336336336337,-1.023111046132715,0.005067730563754512
0.6346346346346347,-1.035103703150674,0.005540306745087697
0.6356356356356356,-1.047096360168632,0.00626386793054298
0.6366366366366366,-1.0548883806375193,0.006016620153148094
0.6376376376376376,-1.0514787036422177,0.006976054693718894
0.6386386386386387,-1.0480690266469155,0.006510389487626503
0.6396396396396397,-1.0446593496516134,0.006401258089320335
0.6406406406406406,-1.0412496726563116,0.006423339008528507
0.6416416416416416,-1.0378399956610098,0.007090720921768122
0.6426426426426426,-1.034430318665708,0.008431143291174104
0.6436436436436437,-1.031020641670406,0.007554817858389164
0.6446446446446447,-1.027610964675104,0.0060675957678436926
0.6456456456456456,-1.0242012876798021,0.0066466925671825865
0.6466466466466466,-1.0207916106845003,0.0044543123824089485
0.6476476476476476,-1.0173819336891985,0.004440762187161411
0.6486486486486487,-1.0139722566938965,0.004956884603279724
0.6496496496496497,-1.0105625796985944,0.0031303188313062873
0.6506506506506506,-1.0071529027032926,0.002242649364185861
0.6516516516516516,-1.0037432257079908,0.0018995630023715161
0.6526526526526526,-1.000333548712689,0.0017525684109507512
0.6536536536536537,-0.996923871717387,0.001721625442152251
0.6546546546546547,-0.9935141947220849,0.002094836997360468
0.6556556556556556,-0.9901045177267831,0.002756376099074733
0.6566566566566566,-0.9866948407314813,0.0011331502203200969
0.6576576576576576,-0.9832851637361795,0.0023636908310581415
0.6586586586586587,-0.9798754867408774,0.002041623888682294
0.6596596596596597,-0.9764658097455754,0.0015933466981842496
0.6606606606606606,-0.9730561327502736,0.002681944342701248
0.6616616616616616,-0.9696464557549718,0.00210459894650006
0.6626626626626626,-0.96623677875967,0.0011964192473022223
0.6636636636636637,-0.9628271017643679,-0.0007117290968233127
0.6646646646646647,-0.9594174247690659,0.0005566576278819703
0.6656656656656657,-0.9560077477737641,-0.0012387949451900281
0.6666666666666666,-0.9525980707784623,-0.002541807538646653
0.6676676676676676,-0.9491883937831604,-0.004639771018186904
0.6686686686686687,-0.9457787167878584,-0.004979119853260015
0.6696696696696697,-0.9423690397925563,-0.0067843023775746945
0.6706706706706707,-0.9389593627972546,-0.005520442207994889
0.6716716716716716,-0.9355496858019527,-0.006136571279201514
0.6726726726726726,-0.9321400088066509,-0.007224518947529492
0.6736736736736737,-0.9287303318113489,-0.006751757473763282
0.6746746746746747,-0.9253206548160468,-0.007741115482260535
0.6756756756756757,-0.9219109778207449,-0.007764978543725395
0.6766766766766766,-0.9185013008254432,-0.006751340723697621
0.6776776776776777,-0.9150916238301411,-0.007466947458804687
0.6786786786786787,-0.9116819468348393,-0.0077396594285609605
0.6796796796796797,-0.9082722698395372,-0.008378506383533964
0.6806806806806807,-0.9048625928442354,-0.008580170599985622
0.6816816816816816,-0.9014529158489336,-0.005405094397389594
0.6826826826826827,-0.8980432388536316,-0.0074675746941847455
0.6836836836836837,-0.8946335618583298,-0.006454407028814619
0.6846846846846847,-0.8912238848630277,-0.0063103315116816985
0.6856856856856857,-0.8878142078677259,-0.006923765980040864
0.6866866866866866,-0.8844045308724241,-0.0058135545283643794
0.6876876876876877,-0.8809948538771221,-0.004484334656528396
0.6886886886886887,-0.8775851768818203,-0.005324836747127784
0.6896896896896897,-0.8741754998865181,-0.0053417677269698444
0.6906906906906907,-0.8707658228912164,-0.005880880508359362
0.6916916916916916,-0.8673561458959146,-0.0053505045439806815
0.6926926926926927,-0.8639464689006124,-0.005099617928812218
0.6936936936936937,-0.8605367919053107,-0.005048676735498369
0.6946946946946947,-0.8571271149100086,-0.004549458586890154
0.6956956956956957,-0.8537174379147068,-0.0039764263429133565
0.6966966966966966,-0.8503077609194051,-0.0024343585206413336
0.6976976976976977,-0.8468980839241029,-0.00326370892480115
0.6986986986986987,-0.8434884069288011,-0.0032842896758252613
0.6996996996996997,-0.8400787299334991,-0.0007883200333894886
0.7007007007007007,-0.8366690529381973,-0.0014138946578868528
0.7017017017017017,-0.8332593759428955,-0.0001604507787533831
0.7027027027027027,-0.8298496989475934,-0.001136000390214694
0.7037037037037037,-0.8264400219522916,-0.0003914059556201035
0.7047047047047047,-0.8230303449569896,-0.0005580111649142191
0.7057057057057057,-0.8196206679616878,-0.00013790003541228263
0.7067067067067067,-0.8162109909663859,-0.00042547464357780185
0.7077077077077077,-0.8128013139710839,0.000880851843021829
0.7087087087087087,-0.8093916369757821,0.0008339853186326585
0.7097097097097097,-0.8059819599804801,0.000657898659508815
0.7107107107107107,-0.8025722829851782,0.0011288267140290853
0.7117117117117117,-0.7991626059898764,0.0004068683928058358
0.7127127127127127,-0.7957529289945744,-0.0019380174054270446
0.7137137137137137,-0.7923432519992726,-0.0034137227929768783
0.7147147147147147,-0.7889335750039705,-0.004085260831594311
0.7157157157157157,-0.7855238980086687,-0.0023079338641242625
0.7167167167167167,-0.7821142210133669,7.580351562862676e-06
0.7177177177177178,-0.7787045440180649,-0.001336624357087626
0.7187187187187187,-0.7752948670227631,-0.0011536184856678797
0.7197197197197197,-0.771885190027461,-0.0018166681224035977
0.7207207207207207,-0.7684755130321592,-0.0015367534595629277
0.7217217217217217,-0.7650658360368574,-0.002799020859460415
0.7227227227227228,-0.7616561590415554,-0.0023988360720156587
0.7237237237237237,-0.7582464820462536,-0.0031640140468197054
0.7247247247247247,-0.7548368050509514,-0.004312675275906733
0.7257257257257257,-0.7514271280556497,-0.004910494747073571
0.7267267267267267,-0.7480174510603479,-0.0068611824094206506
0.7277277277277278,-0.7479568820855095,-0.0060920314831581735
0.7287287287287287,-0.7519152427352277,-0.006867509710023668
0.7297297297297297,-0.7558736033849458,-0.005276073100947024
0.7307307307307307,-0.759831964034664,-0.004364577345698737
0.7317317317317317,-0.7637903246843822,-0.003065605368202593
0.7327327327327328,-0.767748685334101,-0.0034264091417507245
0.7337337337337337,-0.7717070459838192,-0.0020439313013342385
0.7347347347347347,-0.7756654066335373,-0.0006846810096068549
0.7357357357357357,-0.7796237672832556,-0.0010616447679941258
0.7367367367367368,-0.7835821279329743,-0.0009690984083202285
0.7377377377377378,-0.7875404885826925,0.0005152442920782269
0.7387387387387387,-0.7914988492324108,0.0006845476473871963
0.7397397397397397,-0.7954572098821289,-2.5293338089821672e-05
0.7407407407407407,-0.7994155705318471,0.0010807533721372046
0.7417417417417418,-0.8033739311815659,0.0023002742460569176
0.7427427427427428,-0.8073322918312841,0.001386546272296155
0.7437437437437437,-0.8112906524810022,0.0018289721791714616
0.7447447447447447,-0.8152490131307204,0.0018430801082216857
0.7457457457457457,-0.8192073737804386,0.002973525625090113
0.7467467467467468,-0.8231657344301574,0.0022045832810897135
0.7477477477477478,-0.8271240950798756,0.003523810207818798
0.7487487487487487,-0.8310824557295937,0.004430000071443953
0.7497497497497497,-0.8350408163793119,0.004010579874279426
0.7507507507507507,-0.8389991770290302,0.003421244880374907
0.7517517517517518,-0.8429575376787489,0.0022078190614632618
0.7527527527527528,-0.8469158983284671,0.0036295391391668623
0.7537537537537538,-0.8508742589781852,0.0026224304284588823
0.7547547547547547,-0.8548326196279035,0.0024121126189438676
0.7557557557557557,-0.8587909802776217,0.004319251444442805
0.7567567567567568,-0.8627493409273405,0.005088660911551813
0.7577577577577578,-0.8667077015770586,0.005355839741146623
0.7587587587587588,-0.8706660622267768,0.00556312251125693
0.7597597597597597,-0.874624422876495,0.005308277123361687
0.7607607607607607,-0.8785827835262131,0.0038645892931780594
0.7617617617617618,-0.882541144175932,0.004417772287814488
0.7627627627627628,-0.8864995048256501,0.0032383628612368746
0.7637637637637638,-0.8904578654753683,0.0053825338884821725
0.7647647647647647,-0.8944162261250865,0.0036944471607243626
0.7657657657657657,-0.8983745867748046,0.0033766871099351324
0.7667667667667668,-0.9023329474245235,0.003386951115542373
0.7677677677677678,-0.9062913080742416,0.002753768191406879
0.7687687687687688,-0.9102496687239598,0.0027743902653275835
0.7697697697697697,-0.9142080293736781,0.0034605869009077294
0.7707707707707707,-0.9181663900233962,0.0049112821826196905
0.7717717717717718,-0.922124750673115,0.005027144298388332
0.7727727727727728,-0.9260831113228332,0.004985548950685806
0.7737737737737738,-0.9300414719725514,0.005322581814136397
0.7747747747747747,-0.9339998326222696,0.005336311155510035
0.7757757757757757,-0.9379581932719877,0.004547989597053551
0.7767767767767768,-0.9419165539217065,0.004528478612047114
0.7777777777777778,-0.9458749145714247,0.005761564510197187
0.7787787787787788,-0.9498332752211429,0.005828421204624799
0.7797797797797797,-0.953791635870861,0.005789611292098567
0.7807807807807807,-0.9577499965205792,0.005614752445750843
0.7817817817817818,-0.961708357170298,0.006157811156135475
0.7827827827827828,-0.9656667178200162,0.006532913763856109
0.7837837837837838,-0.9696250784697344,0.006938161696871381
0.7847847847847848,-0.9735834391194526,0.006552583003620593
0.7857857857857857,-0.9775417997691708,0.004129512855662003
0.7867867867867868,-0.9815001604188895,0.0034765921694447396
0.7877877877877878,-0.9854585210686078,0.003419769790820721
0.7887887887887888,-0.989416881718326,0.002479827578660607
0.7897897897897898,-0.9933752423680441,0.003158743949175885
0.7907907907907907,-0.9973336030177622,0.0022365593268848082
0.7917917917917918,-1.001291963667481,-3.466472847493511e-06
0.7927927927927928,-1.0052503243171993,0.0008519486859306424
0.7937937937937938,-1.0092086849669175,0.0006261612076928586
0.7947947947947948,-1.0131670456166355,0.0006440057848376676
0.7957957957957957,-1.0171254062663537,-0.0011375360140592197
0.7967967967967968,-1.0210837669160726,-0.0014661418141360544
0.7977977977977978,-1.0250421275657908,-0.0015771803532406582
0.7987987987987988,-1.0290004882155088,-0.001468525653255506
0.7997997997997998,-1.0329588488652273,-0.0005226794959000647
0.8008008008008007,-1.0369172095149453,-0.0011426166070112333
0.8018018018018018,-1.0408755701646641,-0.0013431330500242602
0.8028028028028028,-1.0448339308143824,0.00040248702131412666
0.8038038038038038,-1.0487922914641006,0.00026313094651160725
0.8048048048048048,-1.0527506521138186,0.0017279315779432428
0.8058058058058059,-1.0567090127635375,-4.1580795956887686e-05
0.8068068068068068,-1.0606673734132557,-0.00020268473462215414
0.8078078078078078,-1.064625734062974,0.0010606606228004847
0.8088088088088088,-1.068584094712692,0.001767693826681144
0.8098098098098098,-1.07254245536241,0.003293533758257676
0.8108108108108109,-1.076500816012129,0.0028988243303339403
0.8118118118118118,-1.0804591766618472,0.003013588732669213
0.8128128128128128,-1.0844175373115652,0.0006131447088477109
0.8138138138138138,-1.0883758979612836,-0.0007941498203415478
0.8148148148148148,-1.0923342586110016,-0.00023760546498865522
0.8158158158158159,-1.0962926192607205,-0.0008510310039859985
0.8168168168168168,-1.1002509799104387,2.916091408625566e-05
0.8178178178178178,-1.104209340560157,-0.00026353601287977145
0.8188188188188188,-1.0894169610636848,0.0003019871563958793
0.8198198198198198,-1.063909872912245,-0.0005392842415942557
0.8208208208208209,-1.0384027847608008,-0.0015756453453997276
0.8218218218218218,-1.012895696609361,-0.0004497903818841524
0.8228228228228228,-0.9873886084579211,0.00014016638200854876
0.8238238238238238,-0.9618815203064812,0.00015931011178960586
0.8248248248248248,-0.9363744321550412,0.001016357919017408
0.8258258258258259,-0.9108673440035973,0.001915436427853242
0.8268268268268268,-0.8853602558521573,0.0030537665595794126
0.8278278278278278,-0.8598531677007174,0.002695450723565519
0.8288288288288288,-0.8343460795492774,0.0019215236248741865
0.8298298298298298,-0.8088389913978375,0.0019546116590413486
0.8308308308308309,-0.7833319032463936,0.002294399128489996
0.8318318318318318,-0.7578248150949536,0.0009434178633887004
0.8328328328328328,-0.7323177269435137,-0.0012894056772348938
0.8338338338338338,-0.7068106387920738,-0.0008534800181435257
0.8348348348348348,-0.681303550640634,0.0004023245324591149
0.8358358358358359,-0.6557964624891899,0.0005345156184374705
0.8368368368368369,-0.63028937433775,0.0002796700007765868
0.8378378378378378,-0.60478228618631,0.0004716468037183114
0.8388388388388388,-0.5792751980348702,0.0006886304249863155
0.8398398398398398,-0.5537681098834303,-0.00032658975246907193
0.8408408408408409,-0.5282610217319862,-3.574982925694047e-05
0.8418418418418419,-0.5027539335805463,0.0011653145670521
0.8428428428428428,-0.47724684542910645,0.0015650753268477157
0.8438438438438438,-0.45173975727766646,0.0014134819348292516
0.8448448448448448,-0.4262326691262266,0.002164612065813572
0.8458458458458459,-0.4007255809747825,0.002759710160847328
0.8468468468468469,-0.37521849282334263,0.001707591525255159
0.8478478478478478,-0.34971140467190276,0.0030040973532995756
0.8488488488488488,-0.3242043165204628,0.003802779730645227
0.8498498498498498,-0.2986972283690229,0.004110886524707983
0.8508508508508509,-0.2731901402175789,0.004542027035436783
0.8518518518518519,-0.24768305206613894,0.004724508805492963
0.8528528528528528,-0.22217596391469907,0.003937262999901551
0.8538538538538538,-0.1966688757632592,0.004546591109245972
0.8548548548548548,-0.17116178761181922,0.004542999683685863
0.8558558558558559,-0.14565469946037524,0.005628718672581485
0.8568568568568569,-0.12014761130893536,0.005045478091259131
0.8578578578578578,-0.09464052315749538,0.0042280237103087094
0.8588588588588588,-0.06913343500605551,0.0033087572559177478
0.8598598598598598,-0.04362634685461564,0.004326156784881838
0.8608608608608609,-0.018119258703171548,0.004244110478103706
0.8618618618618619,0.007387829448268324,0.0036552437983267917
0.8628628628628628,0.032894917599708196,0.0023541188180647753
0.8638638638638638,0.05840200575114807,0.004889077798476065
0.8648648648648649,0.08390909390259216,0.004935299074305717
0.8658658658658659,0.10941618205403203,0.004253831402814128
0.8668668668668669,0.13492327020547212,0.0037404225617258344
0.8678678678678678,0.160430358356912,0.004874581708976523
0.8688688688688688,0.18593744650835187,0.004533823193155782
0.8698698698698699,0.21144453465979596,0.0034079034912103566
0.8708708708708709,0.23695162281123583,0.0032819870180123933
0.8718718718718719,0.2624587109626757,0.0048838092129098384
0.8728728728728729,0.2879657991141156,0.006079428553095043
0.8738738738738738,0.31347288726555544,0.007333641180462137
0.8748748748748749,0.33897997541699953,0.006569732790330353
0.8758758758758759,0.3644870635684394,0.005048034678129182
0.8768768768768769,0.3899941517198793,0.0046083816718901025
0.8778778778778779,0.41550123987131937,0.004138046377767268
0.8788788788788788,0.44100832802275924,0.0040927722862181375
0.8798798798798799,0.4665154161742031,0.004964259811739004
0.8808808808808809,0.4920225043256432,0.0043419985527524884
0.8818818818818819,0.5175295924770831,0.0035167092183332354
0.8828828828828829,0.543036680628523,0.0023783836643329268
0.8838838838838838,0.5685437687799628,0.003081412193409892
0.8848848848848849,0.5940508569314069,0.003454779941677436
0.8858858858858859,0.6195579450828468,0.0043096746868343154
0.8868868868868869,0.6450650332342867,0.0029715359587657595
0.8878878878878879,0.6705721213857265,0.0024550141885480775
0.8888888888888888,0.6960792095371664,0.003714320919480635
0.8898898898898899,0.7215862976886105,0.004071331231835161
0.8908908908908909,0.7470933858400504,0.005200881724983664
0.8918918918918919,0.7726004739914905,0.00609857049214267
0.8928928928928929,0.7981075621429303,0.006754528248888698
0.8938938938938938,0.8236146502943702,0.006053413623235378
0.8948948948948949,0.8491217384458143,0.005859714304768081
0.8958958958958959,0.8746288265972542,0.006100335139744311
0.8968968968968969,0.900135914748694,0.008371275661101003
0.8978978978978979,0.9256430029001341,0.009003061712530765
0.8988988988988988,0.9511500910515738,0.008789572581284108
0.8998998998998999,0.9766571792030179,0.008859523682859794
0.9009009009009009,1.002164267354458,0.009175696906870019
0.9019019019019019,1.0276713555058976,0.008861800792222436
0.9029029029029029,1.0531784436573377,0.00947852766048649
0.9039039039039038,1.0786855318087774,0.010456153605691732
0.9049049049049049,1.1041926199602214,0.012784350761087911
0.9059059059059059,1.1296997081116615,0.014144747942010698
0.9069069069069069,1.1552067962631012,0.01427417760936809
0.9079079079079079,1.1807138844145413,0.013470391143169023
0.9089089089089089,1.2062209725659814,0.01208835253262239
0.9099099099099099,1.2106750988256665,0.012929497900542167
0.9109109109109109,1.2104507891094032,0.013994458248719043
0.9119119119119119,1.2102264793931399,0.015311761233173843
0.9129129129129129,1.2100021696768766,0.015437623490025651
0.9139139139139139,1.209777859960613,0.01526797058517669
0.914914914914915,1.2095535502443497,0.015002978631888651
0.9159159159159159,1.2093292405280864,0.015647412060844565
0.9169169169169169,1.2091049308118231,0.013390874085945628
0.9179179179179179,1.2088806210955598,0.011482061194539548
0.9189189189189189,1.2086563113792965,0.00885780287324224
0.91991991991992,1.208432001663033,0.008305311827099216
0.9209209209209209,1.2082076919467697,0.008078447435691867
0.9219219219219219,1.2079833822305064,0.009175713780481636
0.9229229229229229,1.207759072514243,0.009104048469470088
0.9239239239239239,1.2075347627979798,0.00951988980630354
0.924924924924925,1.2073104530817163,0.009279024803126845
0.9259259259259259,1.207086143365453,0.008669101116557637
0.9269269269269269,1.2068618336491896,0.0074607028483675035
0.9279279279279279,1.2066375239329263,0.007618537762802867
0.9289289289289289,1.206413214216663,0.0074881420474392545
0.92992992992993,1.2061889045003995,0.006332649005295741
0.9309309309309309,1.2059645947841362,0.00569119804144808
0.9319319319319319,1.205740285067873,0.004547101483511441
0.9329329329329329,1.2055159753516096,0.003636836588256676
0.933933933933934,1.2052916656353463,0.004835002579896785
0.934934934934935,1.205067355919083,0.005148107016078679
0.9359359359359359,1.2048430462028195,0.005608140429096659
0.9369369369369369,1.2046187364865562,0.0045851137419351895
0.9379379379379379,1.2043944267702928,0.0039510223286265906
0.938938938938939,1.2041701170540295,0.005122486214314768
0.93993993993994,1.2039458073377662,0.004372454793886355
0.9409409409409409,1.203721497621503,0.0036918114717585126
0.9419419419419419,1.2034971879052394,0.004311773836393123
0.9429429429429429,1.203272878188976,0.005433755316405033
0.943943943943944,1.2030485684727128,0.006598642317957037
0.944944944944945,1.2028242587564495,0.0067343584938330345
0.9459459459459459,1.2025999490401862,0.006027394196300818
0.9469469469469469,1.2023756393239227,0.006310151388014418
0.9479479479479479,1.2021513296076594,0.00674083390717221
0.948948948948949,1.201927019891396,0.006435606171527143
0.94994994994995,1.2017027101751327,0.006119544547330722
0.950950950950951,1.2014784004588694,0.006804225595846657
0.9519519519519519,1.2012540907426061,0.00868378210863492
0.9529529529529529,1.2010297810263426,0.00689399683372938
0.953953953953954,1.2008054713100793,0.0068457118474539785
0.954954954954955,1.200581161593816,0.005176116020218767
0.955955955955956,1.2003568518775527,0.0051821018927151
0.9569569569569569,1.2001325421612894,0.004806845648222538
0.9579579579579579,1.199908232445026,0.006785832008840988
0.958958958958959,1.1996839227287626,0.007240346075701213
0.95995995995996,1.1994596130124993,0.0060823810555847655
0.960960960960961,1.199235303296236,0.007566518702494412
0.9619619619619619,1.1990109935799727,0.0059237857289847875
0.9629629629629629,1.1987866838637093,0.006543621989940292
0.963963963963964,1.1985623741474458,0.008277573504762258
0.964964964964965,1.1983380644311825,0.008575639362159012
0.965965965965966,1.1981137547149192,0.009193990665851567
0.9669669669669669,1.197889444998656,0.009625355077341061
0.9679679679679679,1.1976651352823926,0.00938562769146205
0.968968968968969,1.197440825566129,0.00957367408267667
0.96996996996997,1.1972165158498658,0.007971730554825307
0.970970970970971,1.1969922061336025,0.00846712949883839
0.9719719719719719,1.1967678964173392,0.007695128976384465
0.9729729729729729,1.1965435867010759,0.008474475091329535
0.973973973973974,1.1963192769848126,0.008073439475607288
0.974974974974975,1.196094967268549,0.00789527312257882
0.975975975975976,1.1958706575522857,0.007609856024795864
0.9769769769769769,1.1956463478360224,0.006730125354533264
0.9779779779779779,1.1954220381197591,0.007205839944141258
0.978978978978979,1.1951977284034958,0.0068847035976221495
0.97997997997998,1.1949734186872325,0.005780992271035346
0.980980980980981,1.194749108970969,0.00527534909660221
0.9819819819819819,1.1945247992547057,0.005054270808597967
0.9829829829829829,1.1943004895384424,0.005414894223103787
0.983983983983984,1.194076179822179,0.005572250648242219
0.984984984984985,1.1938518701059158,0.005055424010987537
0.985985985985986,1.1936275603896525,0.005290232835475692
0.986986986986987,1.193403250673389,0.007483680046861148
0.9879879879879879,1.1931789409571256,0.00713167413511755
0.988988988988989,1.1929546312408623,0.004228544973602856
0.98998998998999,1.192730321524599,0.0030420374599603697
0.990990990990991,1.1925060118083357,0.0023581643263172287
0.991991991991992,1.1922817020920722,0.003522791073104836
0.992992992992993,1.1920573923758089,0.004712662063991843
0.993993993993994,1.1918330826595456,0.004168757576590354
0.994994994994995,1.1916087729432823,0.004343291782028734
0.995995995995996,1.191384463227019,0.004186478278935199
0.996996996996997,1.1911601535107557,0.0028829928991961863
0.997997997997998,1.1909358437944921,0.00293528347066426
0.998998998998999,1.1907115340782288,0.0032673912573433685
1.0,1.1904872243619655,0.0021597346147392005
